Row ID,Order ID,Order Date,Ship Date,Ship Mode,Customer ID,Customer Name,Segment,Country,City,State,Postal Code,Region,product_id,Category,Sub-Category,Product Name,Sales,Quantity,Discount,Profit,final_price,event_time
6632,CA-2016-105081,12/25/2016,12/30/2016,Standard Class,JE-15715,Joe Elijah,Consumer,United States,Seattle,Washington,98115,West,FUR-TA-10001307,Furniture,Tables,"SAFCO PlanMaster Heigh-Adjustable Drafting Table Base, 43w x 30d x 30-37h, Black",1747.25,5.0,0.0,629.01,2061.755,2016-12-25
1375,CA-2015-120362,9/14/2015,9/19/2015,Standard Class,CA-12265,Christina Anderson,Consumer,United States,Provo,Utah,84604,West,FUR-TA-10003008,Furniture,Tables,"Lesro Round Back Collection Coffee Table, End Table",912.75,5.0,0.0,118.6575,1077.0449999999998,2015-09-14
9173,US-2016-155768,12/1/2016,12/1/2016,Same Day,LB-16795,Laurel Beltran,Home Office,United States,Oxnard,California,93030,West,OFF-ST-10002292,Office Supplies,Storage,"Sauder Facets Collection Locker/File Cabinet, Sky Alder Finish",1112.94,3.0,0.0,222.588,1313.2692,2016-12-01
1014,US-2015-126214,12/21/2015,12/24/2015,Second Class,JS-15880,John Stevenson,Consumer,United States,Seattle,Washington,98103,West,FUR-TA-10003748,Furniture,Tables,Bevis 36 x 72 Conference Tables,1618.37,13.0,0.0,356.0414,1909.6765999999998,2015-12-21
3012,CA-2017-134845,4/17/2017,4/23/2017,Standard Class,SR-20425,Sharelle Roach,Home Office,United States,Louisville,Colorado,80027,West,TEC-MA-10000822,Technology,Machines,Lexmark MX611dhe Monochrome Laser Printer,2549.985,5.0,0.7,-3399.98,3008.9823,2017-04-17
4040,CA-2014-110786,12/29/2014,1/2/2015,Standard Class,AJ-10795,Anthony Johnson,Corporate,United States,San Francisco,California,94110,West,TEC-MA-10003183,Technology,Machines,DYMO CardScan Personal V9 Business Card Scanner,767.952,6.0,0.2,287.982,906.18336,2014-12-29
7873,CA-2016-101672,10/3/2016,10/7/2016,Standard Class,DB-12910,Daniel Byrd,Home Office,United States,Lake Forest,California,92630,West,FUR-CH-10004063,Furniture,Chairs,Global Deluxe High-Back Manager's Chair,915.136,4.0,0.2,102.9528,1079.8604799999998,2016-10-03
4897,CA-2016-135776,12/23/2016,12/30/2016,Standard Class,EH-13765,Edward Hooks,Corporate,United States,Seattle,Washington,98103,West,OFF-ST-10003470,Office Supplies,Storage,"Tennsco Snap-Together Open Shelving Units, Starter Sets and Add-On Units",1117.92,4.0,0.0,55.896,1319.1456,2016-12-23
7543,US-2017-112347,12/2/2017,12/6/2017,Standard Class,BS-11380,Bill Stewart,Corporate,United States,Denver,Colorado,80219,West,FUR-FU-10001488,Furniture,Furnishings,"Tenex 46"" x 60"" Computer Anti-Static Chairmat, Rectangular Shaped",508.704,6.0,0.2,0.0,600.27072,2017-12-02
2414,CA-2014-151295,11/12/2014,11/16/2014,Standard Class,JA-15970,Joseph Airdo,Consumer,United States,Los Angeles,California,90045,West,FUR-TA-10002356,Furniture,Tables,Bevis Boat-Shaped Conference Table,629.064,3.0,0.2,31.4532,742.2955199999999,2014-11-12
6015,CA-2016-159016,3/10/2016,3/11/2016,First Class,KF-16285,Karen Ferguson,Home Office,United States,Los Angeles,California,90008,West,TEC-PH-10002885,Technology,Phones,Apple iPhone 5,4158.912,8.0,0.2,363.9048,4907.51616,2016-03-10
2731,CA-2017-104801,2/13/2017,2/19/2017,Standard Class,FH-14350,Fred Harton,Consumer,United States,Seattle,Washington,98105,West,TEC-AC-10001838,Technology,Accessories,Razer Tiamat Over Ear 7.1 Surround Sound PC Gaming Headset,799.96,4.0,0.0,343.9828,943.9528,2017-02-13
4378,CA-2014-166954,4/25/2014,4/30/2014,Standard Class,BT-11305,Beth Thompson,Home Office,United States,San Gabriel,California,91776,West,FUR-CH-10003973,Furniture,Chairs,GuestStacker Chair with Chrome Finish Legs,1487.04,5.0,0.2,148.704,1754.7071999999998,2014-04-25
6647,US-2016-127334,12/15/2016,12/21/2016,Standard Class,MP-18175,Mike Pelletier,Home Office,United States,Springfield,Oregon,97477,West,FUR-TA-10003473,Furniture,Tables,Bretford Rectangular Conference Table Tops,564.195,3.0,0.5,-304.6653,665.7501,2016-12-15
9237,CA-2016-126732,9/2/2016,9/6/2016,Standard Class,LR-16915,Lena Radford,Consumer,United States,Los Angeles,California,90036,West,FUR-TA-10001539,Furniture,Tables,Chromcraft Rectangular Conference Tables,568.728,3.0,0.2,28.4364,671.09904,2016-09-02
6041,CA-2017-122364,9/24/2017,9/29/2017,Standard Class,FA-14230,Frank Atkinson,Corporate,United States,Los Angeles,California,90008,West,TEC-PH-10001817,Technology,Phones,Wilson Electronics DB Pro Signal Booster,859.2,3.0,0.2,75.18,1013.856,2017-09-24
5346,CA-2017-108539,3/21/2017,3/23/2017,Second Class,SC-20725,Steven Cartwright,Consumer,United States,Los Angeles,California,90045,West,OFF-ST-10003208,Office Supplies,Storage,Adjustable Depth Letter/Legal Cart,725.84,4.0,0.0,210.4936,856.4912,2017-03-21
6880,CA-2015-137113,12/1/2015,12/5/2015,Second Class,TW-21025,Tamara Willingham,Home Office,United States,Seattle,Washington,98105,West,FUR-CH-10001215,Furniture,Chairs,Global Troy Executive Leather Low-Back Tilter,2003.92,5.0,0.2,125.245,2364.6256,2015-12-01
7036,CA-2017-119494,11/9/2017,11/13/2017,Standard Class,JE-15610,Jim Epp,Corporate,United States,San Diego,California,92105,West,FUR-CH-10004675,Furniture,Chairs,"Lifetime Advantage Folding Chairs, 4/Carton",523.392,3.0,0.2,52.3392,617.60256,2017-11-09
8735,CA-2017-116988,6/27/2017,6/29/2017,Second Class,PW-19030,Pauline Webber,Corporate,United States,Seattle,Washington,98105,West,TEC-AC-10003832,Technology,Accessories,Logitech�P710e Mobile Speakerphone,1287.45,5.0,0.0,244.6155,1519.191,2017-06-27
1201,CA-2016-114727,7/18/2016,7/24/2016,Standard Class,LS-16945,Linda Southworth,Corporate,United States,Denver,Colorado,80219,West,FUR-CH-10002335,Furniture,Chairs,Hon GuestStacker Chair,544.008,3.0,0.2,40.8006,641.92944,2016-07-18
118,CA-2015-110457,3/2/2015,3/6/2015,Standard Class,DK-13090,Dave Kipp,Consumer,United States,Seattle,Washington,98103,West,FUR-TA-10001768,Furniture,Tables,Hon Racetrack Conference Tables,787.53,3.0,0.0,165.3813,929.2853999999999,2015-03-02
5991,US-2017-163300,9/15/2017,9/21/2017,Standard Class,ES-14020,Erica Smith,Consumer,United States,Los Angeles,California,90049,West,OFF-BI-10004390,Office Supplies,Binders,GBC DocuBind 200 Manual Binding Machine,2357.488,7.0,0.2,884.058,2781.8358399999997,2017-09-15
7646,CA-2015-161452,4/5/2015,4/11/2015,Standard Class,CA-11965,Carol Adams,Corporate,United States,Los Angeles,California,90036,West,FUR-CH-10003973,Furniture,Chairs,GuestStacker Chair with Chrome Finish Legs,892.224,3.0,0.2,89.2224,1052.82432,2015-04-05
8869,CA-2016-158260,11/4/2016,11/8/2016,Standard Class,CC-12475,Cindy Chapman,Consumer,United States,San Diego,California,92037,West,TEC-MA-10003176,Technology,Machines,Okidata B400 Printer,686.4,2.0,0.2,77.22,809.9519999999999,2016-11-04
9858,CA-2015-164301,3/26/2015,3/30/2015,Standard Class,EB-13840,Ellis Ballard,Corporate,United States,Seattle,Washington,98103,West,FUR-TA-10001889,Furniture,Tables,Bush Advantage Collection Racetrack Conference Table,3393.68,8.0,0.0,610.8624,4004.5424,2015-03-26
7330,US-2014-131275,3/18/2014,3/24/2014,Standard Class,SC-20050,Sample Company A,Home Office,United States,Burbank,California,91505,West,OFF-ST-10000078,Office Supplies,Storage,Tennsco 6- and 18-Compartment Lockers,1856.19,7.0,0.0,334.1142,2190.3042,2014-03-18
8370,CA-2016-118745,6/11/2016,6/16/2016,Standard Class,SV-20365,Seth Vernon,Consumer,United States,Los Angeles,California,90049,West,FUR-TA-10003473,Furniture,Tables,Bretford Rectangular Conference Table Tops,902.712,3.0,0.2,33.8517,1065.2001599999999,2016-06-11
1980,CA-2016-112669,4/14/2016,4/14/2016,Same Day,KT-16465,Kean Takahito,Consumer,United States,Glendale,Arizona,85301,West,FUR-CH-10004086,Furniture,Chairs,Hon 4070 Series Pagoda Armless Upholstered Stacking Chairs,933.536,4.0,0.2,105.0228,1101.5724799999998,2016-04-14
7463,CA-2015-138485,2/27/2015,3/1/2015,Second Class,NP-18670,Nora Paige,Consumer,United States,Seattle,Washington,98105,West,TEC-AC-10002076,Technology,Accessories,Microsoft Natural Keyboard Elite,538.92,9.0,0.0,80.838,635.9255999999999,2015-02-27
6977,CA-2015-112144,6/28/2015,7/2/2015,Standard Class,CY-12745,Craig Yedwab,Corporate,United States,Gilbert,Arizona,85234,West,FUR-FU-10004306,Furniture,Furnishings,Electrix Halogen Magnifier Lamp,621.76,4.0,0.2,46.632,733.6768,2015-06-28
1622,CA-2017-108560,7/8/2017,7/15/2017,Standard Class,JC-15385,Jenna Caffey,Consumer,United States,Kent,Washington,98031,West,OFF-LA-10003930,Office Supplies,Labels,"Dot Matrix Printer Tape Reel Labels, White, 5000/Box",786.48,8.0,0.0,385.3752,928.0464,2017-07-08
3481,CA-2016-131289,12/8/2016,12/14/2016,Standard Class,SP-20620,Stefania Perrino,Corporate,United States,San Francisco,California,94110,West,FUR-TA-10003954,Furniture,Tables,Hon 94000 Series Round Tables,1421.664,6.0,0.2,-195.4788,1677.56352,2016-12-08
7531,US-2017-106145,9/26/2017,9/26/2017,Same Day,RA-19885,Ruben Ausman,Corporate,United States,San Francisco,California,94109,West,OFF-BI-10003925,Office Supplies,Binders,Fellowes PB300 Plastic Comb Binding Machine,931.176,3.0,0.2,314.2719,1098.78768,2017-09-26
5762,CA-2017-158169,8/12/2017,8/15/2017,First Class,JM-16195,Justin MacKendrick,Consumer,United States,Lake Forest,California,92630,West,OFF-AP-10000828,Office Supplies,Appliances,Avanti 4.4 Cu. Ft. Refrigerator,542.94,3.0,0.0,152.0232,640.6692,2017-08-12
1246,CA-2014-168494,12/12/2014,12/14/2014,Second Class,NP-18700,Nora Preis,Consumer,United States,Fresno,California,93727,West,FUR-TA-10004619,Furniture,Tables,Hon Non-Folding Utility Tables,764.688,6.0,0.2,95.586,902.3318399999999,2014-12-12
1247,CA-2014-168494,12/12/2014,12/14/2014,Second Class,NP-18700,Nora Preis,Consumer,United States,Fresno,California,93727,West,FUR-TA-10003473,Furniture,Tables,Bretford Rectangular Conference Table Tops,3610.848,12.0,0.2,135.4068,4260.8006399999995,2014-12-12
7770,CA-2016-155978,8/1/2016,8/1/2016,Same Day,TS-21205,Thomas Seio,Corporate,United States,Riverside,California,92503,West,TEC-PH-10002885,Technology,Phones,Apple iPhone 5,1039.728,2.0,0.2,90.9762,1226.87904,2016-08-01
8889,CA-2017-103968,12/1/2017,12/7/2017,Standard Class,ML-17755,Max Ludwig,Home Office,United States,Stockton,California,95207,West,FUR-FU-10003394,Furniture,Furnishings,"Tenex ""The Solids"" Textured Chair Mats",629.64,9.0,0.0,107.0388,742.9752,2017-12-01
146,CA-2015-110744,9/7/2015,9/12/2015,Standard Class,HA-14920,Helen Andreada,Consumer,United States,Pasadena,California,91104,West,OFF-ST-10003656,Office Supplies,Storage,Safco Industrial Wire Shelving,671.93,7.0,0.0,20.1579,792.8773999999999,2015-09-07
1204,CA-2016-114727,7/18/2016,7/24/2016,Standard Class,LS-16945,Linda Southworth,Corporate,United States,Denver,Colorado,80219,West,OFF-ST-10002292,Office Supplies,Storage,"Sauder Facets Collection Locker/File Cabinet, Sky Alder Finish",593.568,2.0,0.2,0.0,700.4102399999999,2016-07-18
5772,CA-2015-103835,9/24/2015,9/28/2015,Standard Class,SC-20440,Shaun Chance,Corporate,United States,Los Angeles,California,90032,West,OFF-AP-10002651,Office Supplies,Appliances,Hoover Upright Vacuum With Dirt Cup,1158.12,4.0,0.0,335.8548,1366.5815999999998,2015-09-24
6818,CA-2014-144414,6/17/2014,6/21/2014,Standard Class,GH-14425,Gary Hwang,Consumer,United States,Seattle,Washington,98105,West,OFF-BI-10004995,Office Supplies,Binders,GBC DocuBind P400 Electric Binding System,3266.376,3.0,0.2,1061.5722,3854.32368,2014-06-17
558,CA-2016-113243,6/10/2016,6/15/2016,Standard Class,OT-18730,Olvera Toch,Consumer,United States,Los Angeles,California,90045,West,FUR-TA-10004256,Furniture,Tables,Bretford �Just In Time� Height-Adjustable Multi-Task Work Tables,1335.68,4.0,0.2,-217.048,1576.1024,2016-06-10
7461,US-2015-136987,4/11/2015,4/14/2015,Second Class,AR-10540,Andy Reiter,Consumer,United States,Los Angeles,California,90004,West,TEC-CO-10001943,Technology,Copiers,Canon PC-428 Personal Copier,639.968,4.0,0.2,215.9892,755.1622399999999,2015-04-11
3625,CA-2017-113530,5/19/2017,5/21/2017,Second Class,BC-11125,Becky Castell,Home Office,United States,San Francisco,California,94109,West,FUR-CH-10002647,Furniture,Chairs,"Situations Contoured Folding Chairs, 4/Set",681.408,12.0,0.2,42.588,804.06144,2017-05-19
4867,CA-2017-122490,11/13/2017,11/18/2017,Standard Class,TT-21070,Ted Trevino,Consumer,United States,Seattle,Washington,98103,West,OFF-BI-10001718,Office Supplies,Binders,GBC DocuBind P50 Personal Binding Machine,563.024,11.0,0.2,190.0206,664.3683199999999,2017-11-13
5162,CA-2014-111192,7/30/2014,8/5/2014,Standard Class,TS-21430,Tom Stivers,Corporate,United States,Seattle,Washington,98103,West,FUR-BO-10002916,Furniture,Bookcases,"Rush Hierlooms Collection 1"" Thick Stackable Bookcases",1367.84,8.0,0.0,259.8896,1614.0511999999999,2014-07-30
8105,CA-2015-149846,5/22/2015,5/26/2015,Standard Class,SB-20185,Sarah Brown,Consumer,United States,Los Angeles,California,90045,West,TEC-PH-10003645,Technology,Phones,Aastra 57i VoIP phone,775.728,6.0,0.2,58.1796,915.3590399999999,2015-05-22
1191,CA-2017-117212,2/26/2017,2/28/2017,Second Class,BT-11530,Bradley Talbott,Home Office,United States,Los Angeles,California,90036,West,FUR-CH-10003973,Furniture,Chairs,GuestStacker Chair with Chrome Finish Legs,892.224,3.0,0.2,89.2224,1052.82432,2017-02-26
6285,CA-2016-100944,9/24/2016,9/28/2016,Standard Class,EH-13765,Edward Hooks,Corporate,United States,Los Angeles,California,90049,West,FUR-CH-10000988,Furniture,Chairs,Hon Olson Stacker Stools,563.24,5.0,0.2,56.324,664.6232,2016-09-24
5612,CA-2017-121027,8/18/2017,8/22/2017,Standard Class,HW-14935,Helen Wasserman,Corporate,United States,Seattle,Washington,98105,West,TEC-AC-10002049,Technology,Accessories,Plantronics Savi W720 Multi-Device Wireless Headset System,843.9,2.0,0.0,371.316,995.8019999999999,2017-08-18
6042,CA-2017-122364,9/24/2017,9/29/2017,Standard Class,FA-14230,Frank Atkinson,Corporate,United States,Los Angeles,California,90008,West,TEC-MA-10001031,Technology,Machines,Socket Bluetooth Cordless Hand Scanner (CHS),506.28,3.0,0.2,177.198,597.4104,2017-09-24
9650,CA-2016-107104,11/26/2016,11/30/2016,Standard Class,MS-17365,Maribeth Schnelling,Consumer,United States,Los Angeles,California,90045,West,FUR-BO-10002213,Furniture,Bookcases,DMI Eclipse Executive Suite Bookcases,3406.664,8.0,0.15,160.3136,4019.86352,2016-11-26
4866,CA-2017-122490,11/13/2017,11/18/2017,Standard Class,TT-21070,Ted Trevino,Consumer,United States,Seattle,Washington,98103,West,FUR-CH-10001215,Furniture,Chairs,Global Troy Executive Leather Low-Back Tilter,2404.704,6.0,0.2,150.294,2837.55072,2017-11-13
2274,CA-2015-142944,3/6/2015,3/11/2015,Standard Class,JL-15850,John Lucas,Consumer,United States,San Francisco,California,94122,West,TEC-CO-10003763,Technology,Copiers,Canon PC1060 Personal Laser Copier,1119.984,2.0,0.2,377.9946,1321.5811199999998,2015-03-06
5639,CA-2014-154893,12/21/2014,12/27/2014,Standard Class,GM-14440,Gary McGarr,Consumer,United States,San Diego,California,92024,West,FUR-CH-10004287,Furniture,Chairs,SAFCO Arco Folding Chair,1325.76,6.0,0.2,149.148,1564.3968,2014-12-21
7998,US-2017-105998,11/3/2017,11/5/2017,First Class,CR-12580,Clay Rozendal,Home Office,United States,San Diego,California,92037,West,FUR-TA-10001095,Furniture,Tables,Chromcraft Round Conference Tables,1673.184,12.0,0.2,20.9148,1974.35712,2017-11-03
519,CA-2017-127432,1/22/2017,1/27/2017,Standard Class,AD-10180,Alan Dominguez,Home Office,United States,Great Falls,Montana,59405,West,OFF-ST-10004459,Office Supplies,Storage,Tennsco Single-Tier Lockers,1126.02,3.0,0.0,56.301,1328.7035999999998,2017-01-22
7191,CA-2016-164399,11/12/2016,11/15/2016,First Class,DW-13480,Dianna Wilson,Home Office,United States,San Diego,California,92024,West,FUR-TA-10003392,Furniture,Tables,Global Adaptabilities Conference Tables,674.352,3.0,0.2,-8.4294,795.7353599999999,2016-11-12
9187,CA-2017-156776,8/7/2017,8/11/2017,Standard Class,JL-15505,Jeremy Lonsdale,Consumer,United States,Westminster,California,92683,West,OFF-AP-10002534,Office Supplies,Appliances,3.6 Cubic Foot Counter Height Office Refrigerator,1473.1,5.0,0.0,412.468,1738.2579999999998,2017-08-07
639,CA-2016-115917,5/20/2016,5/25/2016,Standard Class,RB-19465,Rick Bensley,Home Office,United States,Vallejo,California,94591,West,FUR-FU-10000576,Furniture,Furnishings,Luxo Professional Fluorescent Magnifier Lamp with Clamp-Mount Base,1049.2,5.0,0.0,272.792,1238.056,2016-05-20
1517,CA-2017-148446,12/10/2017,12/14/2017,Second Class,MC-17845,Michael Chen,Consumer,United States,North Las Vegas,Nevada,89031,West,FUR-TA-10004256,Furniture,Tables,Bretford �Just In Time� Height-Adjustable Multi-Task Work Tables,1669.6,4.0,0.0,116.872,1970.1279999999997,2017-12-10
4643,CA-2017-130141,10/22/2017,10/24/2017,Second Class,HA-14905,Helen Abelman,Consumer,United States,Fort Collins,Colorado,80525,West,FUR-CH-10000749,Furniture,Chairs,Office Star - Ergonomic Mid Back Chair with 2-Way Adjustable Arms,579.136,4.0,0.2,-28.9568,683.3804799999999,2017-10-22
8167,CA-2015-168207,11/2/2015,11/6/2015,Standard Class,LT-17110,Liz Thompson,Consumer,United States,San Diego,California,92105,West,FUR-BO-10004357,Furniture,Bookcases,O'Sullivan Living Dimensions 3-Shelf Bookcases,512.499,3.0,0.15,-30.147,604.74882,2015-11-02
2120,CA-2017-155460,4/13/2017,4/15/2017,First Class,RW-19630,Rob Williams,Corporate,United States,Seattle,Washington,98105,West,OFF-BI-10003091,Office Supplies,Binders,GBC DocuBind TL200 Manual Binding Machine,895.92,5.0,0.2,302.373,1057.1855999999998,2017-04-13
3116,CA-2016-150350,8/23/2016,8/30/2016,Standard Class,MS-17770,Maxwell Schwartz,Consumer,United States,Seattle,Washington,98105,West,FUR-CH-10001973,Furniture,Chairs,Office Star Flex Back Scooter Chair with White Frame,532.704,6.0,0.2,-39.9528,628.5907199999999,2016-08-23
4851,CA-2014-107818,9/8/2014,9/14/2014,Standard Class,MC-17275,Marc Crier,Consumer,United States,Pasco,Washington,99301,West,FUR-CH-10000454,Furniture,Chairs,"Hon Deluxe Fabric Upholstered Stacking Chairs, Rounded Back",975.92,5.0,0.2,121.99,1151.5855999999999,2014-09-08
5231,CA-2017-124436,3/19/2017,3/22/2017,Second Class,SA-20830,Sue Ann Reed,Consumer,United States,Fresno,California,93727,West,FUR-TA-10001095,Furniture,Tables,Chromcraft Round Conference Tables,697.16,5.0,0.2,8.7145,822.6487999999999,2017-03-19
555,CA-2017-100650,6/29/2017,7/3/2017,Second Class,DK-13225,Dean Katz,Corporate,United States,Anaheim,California,92804,West,OFF-ST-10001780,Office Supplies,Storage,Tennsco 16-Compartment Lockers with Coat Rack,1295.78,2.0,0.0,310.9872,1529.0203999999999,2017-06-29
2877,US-2016-167339,1/21/2016,1/23/2016,Second Class,TD-20995,Tamara Dahlen,Consumer,United States,San Diego,California,92037,West,FUR-CH-10000785,Furniture,Chairs,Global Ergonomic Managers Chair,1013.488,7.0,0.2,76.0116,1195.9158400000001,2016-01-21
3113,CA-2016-150350,8/23/2016,8/30/2016,Standard Class,MS-17770,Maxwell Schwartz,Consumer,United States,Seattle,Washington,98105,West,TEC-MA-10001972,Technology,Machines,Okidata C331dn Printer,837.6,3.0,0.2,62.82,988.3679999999999,2016-08-23
4344,CA-2017-105410,3/19/2017,3/22/2017,First Class,ND-18370,Natalie DeCherney,Consumer,United States,San Francisco,California,94110,West,TEC-PH-10000038,Technology,Phones,Jawbone MINI JAMBOX Wireless Bluetooth Speaker,657.504,6.0,0.2,-131.5008,775.8547199999999,2017-03-19
3846,CA-2014-101931,10/28/2014,10/31/2014,First Class,TS-21370,Todd Sumrall,Corporate,United States,Los Angeles,California,90049,West,FUR-BO-10001337,Furniture,Bookcases,O'Sullivan Living Dimensions 2-Shelf Bookcases,616.998,6.0,0.15,-36.294,728.05764,2014-10-28
3629,CA-2014-169726,8/9/2014,8/13/2014,Standard Class,JH-15985,Joseph Holt,Consumer,United States,Seattle,Washington,98103,West,OFF-BI-10004600,Office Supplies,Binders,Ibico Ibimaster 300 Manual Binding System,2060.744,7.0,0.2,643.9825,2431.67792,2014-08-09
3771,CA-2016-155530,12/17/2016,12/21/2016,Standard Class,CM-12160,Charles McCrossin,Consumer,United States,San Francisco,California,94122,West,FUR-TA-10004256,Furniture,Tables,Bretford �Just In Time� Height-Adjustable Multi-Task Work Tables,2003.52,6.0,0.2,-325.572,2364.1535999999996,2016-12-17
5978,CA-2017-116953,4/24/2017,4/25/2017,First Class,SV-20935,Susan Vittorini,Consumer,United States,Mesa,Arizona,85204,West,TEC-PH-10004614,Technology,Phones,AT&T 841000 Phone,552.0,10.0,0.2,34.5,651.36,2017-04-24
8302,US-2017-167318,7/26/2017,8/1/2017,Standard Class,GZ-14545,George Zrebassa,Corporate,United States,Los Angeles,California,90036,West,TEC-AC-10003870,Technology,Accessories,Logitech�Z-906 Speaker sys - home theater - 5.1-CH,1649.95,5.0,0.0,659.98,1946.941,2017-07-26
754,CA-2016-110499,4/7/2016,4/9/2016,First Class,YC-21895,Yoseph Carroll,Corporate,United States,San Francisco,California,94110,West,TEC-CO-10002095,Technology,Copiers,Hewlett Packard 610 Color Digital Copier / Printer,1199.976,3.0,0.2,374.9925,1415.97168,2016-04-07
6944,CA-2015-139248,7/25/2015,7/30/2015,Standard Class,RD-19930,Russell D'Ascenzo,Consumer,United States,Los Angeles,California,90032,West,TEC-PH-10004094,Technology,Phones,Motorola L703CM,623.96,5.0,0.2,38.9975,736.2728,2015-07-25
3891,US-2016-163881,11/24/2016,11/30/2016,Standard Class,SP-20860,Sung Pak,Corporate,United States,Los Angeles,California,90036,West,TEC-AC-10003033,Technology,Accessories,Plantronics CS510 - Over-the-Head monaural Wireless Headset System,659.9,2.0,0.0,217.767,778.6819999999999,2016-11-24
2114,CA-2015-164882,10/31/2015,10/31/2015,Same Day,SG-20080,Sandra Glassco,Consumer,United States,Redlands,California,92374,West,TEC-PH-10001578,Technology,Phones,Polycom SoundStation2 EX Conference�phone,1295.84,4.0,0.2,145.782,1529.0911999999998,2015-10-31
5870,CA-2016-152247,11/7/2016,11/12/2016,Standard Class,MA-17995,Michelle Arnett,Home Office,United States,Cheyenne,Wyoming,82001,West,FUR-CH-10001215,Furniture,Chairs,Global Troy Executive Leather Low-Back Tilter,1603.136,4.0,0.2,100.196,1891.70048,2016-11-07
9616,CA-2014-128524,11/11/2014,11/13/2014,First Class,MZ-17515,Mary Zewe,Corporate,United States,Seattle,Washington,98115,West,OFF-BI-10003527,Office Supplies,Binders,Fellowes PB500 Electric Punch Plastic Comb Binding Machine with Manual Bind,2033.584,2.0,0.2,762.594,2399.62912,2014-11-11
9943,CA-2014-143371,12/28/2014,1/3/2015,Standard Class,MD-17350,Maribeth Dona,Consumer,United States,Anaheim,California,92804,West,OFF-ST-10001128,Office Supplies,Storage,"Carina Mini System Audio Rack, Model AR050B",998.82,9.0,0.0,29.9646,1178.6076,2014-12-28
7642,US-2016-157490,10/6/2016,10/7/2016,First Class,LB-16795,Laurel Beltran,Home Office,United States,Pueblo,Colorado,81001,West,TEC-MA-10001695,Technology,Machines,Zebra GK420t Direct Thermal/Thermal Transfer Printer,703.71,6.0,0.7,-938.28,830.3778,2016-10-06
6517,US-2017-116652,9/15/2017,9/19/2017,Standard Class,RD-19480,Rick Duston,Consumer,United States,San Francisco,California,94122,West,FUR-FU-10001488,Furniture,Furnishings,"Tenex 46"" x 60"" Computer Anti-Static Chairmat, Rectangular Shaped",529.9,5.0,0.0,105.98,625.2819999999999,2017-09-15
2786,CA-2015-149972,9/21/2015,9/23/2015,First Class,CD-12790,Cynthia Delaney,Home Office,United States,Los Angeles,California,90036,West,FUR-CH-10004997,Furniture,Chairs,Hon Every-Day Series Multi-Task Chairs,601.536,4.0,0.2,0.0,709.8124799999999,2015-09-21
7282,CA-2017-159282,10/16/2017,10/21/2017,Standard Class,GH-14410,Gary Hansen,Home Office,United States,Yuma,Arizona,85364,West,TEC-MA-10001148,Technology,Machines,Swingline SM12-08 MicroCut Jam Free Shredder,599.985,5.0,0.7,-479.988,707.9823,2017-10-16
7329,US-2014-131275,3/18/2014,3/24/2014,Standard Class,SC-20050,Sample Company A,Home Office,United States,Burbank,California,91505,West,TEC-MA-10001148,Technology,Machines,Swingline SM12-08 MicroCut Jam Free Shredder,1279.968,4.0,0.2,415.9896,1510.36224,2014-03-18
8158,CA-2016-103464,11/18/2016,11/22/2016,Standard Class,PG-18820,Patrick Gardner,Consumer,United States,San Diego,California,92105,West,TEC-AC-10002842,Technology,Accessories,WD My Passport Ultra 2TB Portable External Hard Drive,595.0,5.0,0.0,95.2,702.0999999999999,2016-11-18
2354,CA-2015-111514,8/31/2015,9/2/2015,First Class,SC-20260,Scott Cohen,Corporate,United States,San Francisco,California,94122,West,FUR-BO-10002545,Furniture,Bookcases,"Atlantic Metals Mobile 3-Shelf Bookcases, Custom Colors",1552.831,7.0,0.15,200.9546,1832.3405799999998,2015-08-31
3711,CA-2017-113670,10/15/2017,10/17/2017,First Class,RS-19765,Roland Schwarz,Corporate,United States,Los Angeles,California,90045,West,FUR-TA-10001705,Furniture,Tables,Bush Advantage Collection Round Conference Table,510.24,3.0,0.2,6.378,602.0832,2017-10-15
2290,CA-2017-115154,1/8/2017,1/11/2017,First Class,RS-19420,Ricardo Sperren,Corporate,United States,Seattle,Washington,98115,West,FUR-TA-10001950,Furniture,Tables,Balt Solid Wood Round Tables,892.98,2.0,0.0,80.3682,1053.7164,2017-01-08
5613,CA-2017-121027,8/18/2017,8/22/2017,Standard Class,HW-14935,Helen Wasserman,Corporate,United States,Seattle,Washington,98105,West,TEC-AC-10002253,Technology,Accessories,Imation Bio 8GB USB�Flash Drive Imation�Corp,1496.16,9.0,0.0,224.424,1765.4688,2017-08-18
6068,CA-2017-166695,5/20/2017,5/24/2017,Standard Class,CC-12430,Chuck Clark,Home Office,United States,Lakewood,California,90712,West,FUR-CH-10000225,Furniture,Chairs,"Global Geo Office Task Chair, Gray",518.272,8.0,0.2,-97.176,611.56096,2017-05-20
25,CA-2015-106320,9/25/2015,9/30/2015,Standard Class,EB-13870,Emily Burns,Consumer,United States,Orem,Utah,84057,West,FUR-TA-10000577,Furniture,Tables,Bretford CR4500 Series Slim Rectangular Table,1044.63,3.0,0.0,240.2649,1232.6634000000001,2015-09-25
1941,CA-2016-112109,7/8/2016,7/12/2016,Standard Class,JE-15715,Joe Elijah,Consumer,United States,Broomfield,Colorado,80020,West,FUR-CH-10004287,Furniture,Chairs,SAFCO Arco Folding Chair,662.88,3.0,0.2,74.574,782.1984,2016-07-08
4991,CA-2017-107321,8/31/2017,9/4/2017,Standard Class,AW-10930,Arthur Wiediger,Home Office,United States,San Francisco,California,94110,West,TEC-PH-10002200,Technology,Phones,Aastra 6757i CT Wireless VoIP phone,689.408,4.0,0.2,77.5584,813.50144,2017-08-31
6406,CA-2017-154074,8/31/2017,9/2/2017,Second Class,BW-11110,Bart Watters,Corporate,United States,Spokane,Washington,99207,West,FUR-CH-10002331,Furniture,Chairs,Hon 4700 Series Mobuis Mid-Back Task Chairs with Adjustable Arms,569.568,2.0,0.2,7.1196,672.09024,2017-08-31
5832,CA-2015-111206,7/18/2015,7/22/2015,Standard Class,RF-19735,Roland Fjeld,Consumer,United States,San Diego,California,92105,West,TEC-AC-10003095,Technology,Accessories,Logitech G35 7.1-Channel Surround Sound Headset,519.96,4.0,0.0,176.7864,613.5528,2015-07-18
8179,CA-2016-166429,9/2/2016,9/8/2016,Standard Class,TG-21310,Toby Gnade,Consumer,United States,Des Moines,Washington,98198,West,TEC-CO-10002095,Technology,Copiers,Hewlett Packard 610 Color Digital Copier / Printer,999.98,2.0,0.0,449.991,1179.9764,2016-09-02
6839,CA-2017-107517,2/5/2017,2/9/2017,Standard Class,FC-14335,Fred Chung,Corporate,United States,Torrance,California,90503,West,OFF-AP-10000275,Office Supplies,Appliances,"Sanyo Counter Height Refrigerator with Crisper, 3.6 Cubic Foot, Stainless Steel/Black",1640.7,5.0,0.0,459.396,1936.0259999999998,2017-02-05
8169,CA-2017-107174,11/6/2017,11/13/2017,Standard Class,AB-10060,Adam Bellavance,Home Office,United States,Seattle,Washington,98105,West,FUR-TA-10004575,Furniture,Tables,Hon 5100 Series Wood Tables,2036.86,7.0,0.0,366.6348,2403.4948,2017-11-06
2541,CA-2015-113404,7/16/2015,7/16/2015,Same Day,EM-13810,Eleni McCrary,Corporate,United States,San Francisco,California,94122,West,FUR-CH-10004086,Furniture,Chairs,Hon 4070 Series Pagoda Armless Upholstered Stacking Chairs,700.152,3.0,0.2,78.7671,826.17936,2015-07-16
2568,CA-2017-123967,11/1/2017,11/3/2017,Second Class,SF-20200,Sarah Foster,Consumer,United States,Bellingham,Washington,98226,West,FUR-TA-10003954,Furniture,Tables,Hon 94000 Series Round Tables,2665.62,9.0,0.0,239.9058,3145.4316,2017-11-01
7621,US-2014-144078,11/25/2014,11/29/2014,Standard Class,RB-19435,Richard Bierner,Consumer,United States,Los Angeles,California,90004,West,TEC-PH-10001580,Technology,Phones,Logitech Mobile Speakerphone P710e -�speaker phone,539.92,5.0,0.2,47.243,637.1055999999999,2014-11-25
5627,CA-2014-126683,9/29/2014,10/1/2014,Second Class,PP-18955,Paul Prost,Home Office,United States,Seattle,Washington,98115,West,FUR-TA-10002958,Furniture,Tables,"Bevis Oval Conference Table, Walnut",2348.82,9.0,0.0,399.2994,2771.6076,2014-09-29
8154,CA-2017-140151,3/23/2017,3/25/2017,First Class,RB-19360,Raymond Buch,Consumer,United States,Seattle,Washington,98115,West,TEC-CO-10004722,Technology,Copiers,Canon imageCLASS 2200 Advanced Copier,13999.96,4.0,0.0,6719.9808,16519.9528,2017-03-23
2710,CA-2015-121797,1/30/2015,2/6/2015,Standard Class,CC-12145,Charles Crestani,Consumer,United States,Los Angeles,California,90049,West,TEC-MA-10000488,Technology,Machines,Bady BDG101FRU Card Printer,1919.976,3.0,0.2,215.9973,2265.57168,2015-01-30
1626,CA-2015-157084,12/19/2015,12/24/2015,Standard Class,JG-15160,James Galang,Consumer,United States,Los Angeles,California,90049,West,TEC-AC-10002049,Technology,Accessories,Plantronics Savi W720 Multi-Device Wireless Headset System,1265.85,3.0,0.0,556.974,1493.7029999999997,2015-12-19
374,US-2014-119137,7/23/2014,7/27/2014,Standard Class,AG-10900,Arthur Gainer,Consumer,United States,Tucson,Arizona,85705,West,TEC-AC-10003911,Technology,Accessories,NETGEAR AC1750 Dual Band Gigabit�Smart WiFi Router,1023.936,8.0,0.2,179.1888,1208.24448,2014-07-23
1376,CA-2014-126361,8/4/2014,8/9/2014,Second Class,VD-21670,Valerie Dominguez,Consumer,United States,Pleasant Grove,Utah,84062,West,OFF-AP-10003590,Office Supplies,Appliances,Hoover WindTunnel Plus Canister Vacuum,1089.75,3.0,0.0,305.13,1285.905,2014-08-04
8144,CA-2016-100993,2/5/2016,2/10/2016,Standard Class,AZ-10750,Annie Zypern,Consumer,United States,San Diego,California,92037,West,FUR-TA-10001095,Furniture,Tables,Chromcraft Round Conference Tables,557.728,4.0,0.2,6.9716,658.1190399999999,2016-02-05
5845,CA-2015-126725,11/17/2015,11/21/2015,Standard Class,BS-11665,Brian Stugart,Consumer,United States,San Diego,California,92105,West,OFF-ST-10000129,Office Supplies,Storage,Fellowes Recycled Storage Drawers,777.21,7.0,0.0,54.4047,917.1078,2015-11-17
5957,CA-2016-127138,3/12/2016,3/15/2016,Second Class,DK-13225,Dean Katz,Corporate,United States,San Francisco,California,94109,West,OFF-ST-10002756,Office Supplies,Storage,"Tennsco Stur-D-Stor Boltless Shelving, 5 Shelves, 24"" Deep, Sand",676.55,5.0,0.0,6.7655,798.329,2016-03-12
7115,US-2016-102239,5/5/2016,5/6/2016,First Class,LW-16990,Lindsay Williams,Corporate,United States,Henderson,Nevada,89015,West,FUR-TA-10003392,Furniture,Tables,Global Adaptabilities Conference Tables,1685.88,6.0,0.0,320.3172,1989.3384,2016-05-05
9235,CA-2016-126732,9/2/2016,9/6/2016,Standard Class,LR-16915,Lena Radford,Consumer,United States,Los Angeles,California,90036,West,TEC-PH-10001530,Technology,Phones,Cisco Unified IP Phone 7945G VoIP phone,1091.168,4.0,0.2,68.198,1287.5782399999998,2016-09-02
5960,CA-2016-127138,3/12/2016,3/15/2016,Second Class,DK-13225,Dean Katz,Corporate,United States,San Francisco,California,94109,West,FUR-CH-10003746,Furniture,Chairs,Hon 4070 Series Pagoda Round Back Stacking Chairs,770.352,3.0,0.2,77.0352,909.0153599999999,2016-03-12
9393,CA-2015-130848,10/25/2015,10/25/2015,Same Day,DG-13300,Deirdre Greer,Corporate,United States,Denver,Colorado,80219,West,FUR-CH-10000422,Furniture,Chairs,Global Highback Leather Tilter in Burgundy,582.336,8.0,0.2,-29.1168,687.15648,2015-10-25
3892,US-2016-163881,11/24/2016,11/30/2016,Standard Class,SP-20860,Sung Pak,Corporate,United States,Los Angeles,California,90036,West,FUR-CH-10001394,Furniture,Chairs,Global Leather Executive Chair,1684.752,6.0,0.2,210.594,1988.0073599999998,2016-11-24
6955,CA-2015-129917,10/2/2015,10/3/2015,First Class,HM-14980,Henry MacAllister,Consumer,United States,Los Angeles,California,90008,West,TEC-PH-10000369,Technology,Phones,HTC One Mini,503.96,5.0,0.2,50.396,594.6727999999999,2015-10-02
2810,CA-2015-148635,7/25/2015,7/27/2015,Second Class,MH-18025,Michelle Huthwaite,Consumer,United States,Seattle,Washington,98115,West,FUR-CH-10001854,Furniture,Chairs,Office Star - Professional Matrix Back Chair with 2-to-1 Synchro Tilt and Mesh Fabric Seat,561.568,2.0,0.2,28.0784,662.6502399999999,2015-07-25
4496,CA-2017-112753,6/18/2017,6/23/2017,Standard Class,CC-12670,Craig Carreira,Consumer,United States,Los Angeles,California,90032,West,FUR-BO-10004015,Furniture,Bookcases,"Bush Andora Bookcase, Maple/Graphite Gray Finish",917.9235,9.0,0.15,75.5937,1083.1497299999999,2017-06-18
6576,CA-2017-123085,3/3/2017,3/8/2017,Standard Class,EJ-13720,Ed Jacobs,Consumer,United States,Los Angeles,California,90008,West,TEC-AC-10000990,Technology,Accessories,Imation Bio 2GB USB�Flash Drive Imation�Corp,1049.44,8.0,0.0,440.7648,1238.3392,2017-03-03
4219,CA-2017-149881,4/1/2017,4/3/2017,First Class,NC-18535,Nick Crebassa,Corporate,United States,San Francisco,California,94110,West,TEC-MA-10000418,Technology,Machines,Cubify CubeX 3D Printer Double Head Print,4799.984,2.0,0.2,359.9988,5663.98112,2017-04-01
1712,CA-2017-123491,10/30/2017,11/5/2017,Standard Class,JK-15205,Jamie Kunitz,Consumer,United States,San Francisco,California,94122,West,OFF-AP-10002684,Office Supplies,Appliances,"Acco 7-Outlet Masterpiece Power Center, Wihtout Fax/Phone Line Protection",1702.12,14.0,0.0,510.636,2008.5015999999998,2017-10-30
9413,CA-2015-164777,1/27/2015,1/29/2015,First Class,SC-20305,Sean Christensen,Consumer,United States,Los Angeles,California,90036,West,FUR-CH-10002024,Furniture,Chairs,HON 5400 Series Task Chairs for Big and Tall,2803.92,5.0,0.2,0.0,3308.6256,2015-01-27
2750,US-2014-141257,6/8/2014,6/14/2014,Standard Class,CS-11950,Carlos Soltero,Consumer,United States,Seattle,Washington,98115,West,FUR-CH-10002758,Furniture,Chairs,"Hon Deluxe Fabric Upholstered Stacking Chairs, Squared Back",585.552,3.0,0.2,73.194,690.95136,2014-06-08
6152,CA-2014-111871,3/18/2014,3/21/2014,Second Class,EK-13795,Eileen Kiefer,Home Office,United States,San Francisco,California,94110,West,FUR-BO-10004218,Furniture,Bookcases,"Bush Heritage Pine Collection 5-Shelf Bookcase, Albany Pine Finish, *Special Order",1198.33,10.0,0.15,70.49,1414.0294,2014-03-18
6211,CA-2017-119809,8/18/2017,8/25/2017,Standard Class,YS-21880,Yana Sorensen,Corporate,United States,Seattle,Washington,98103,West,OFF-ST-10003306,Office Supplies,Storage,Letter Size Cart,1000.02,7.0,0.0,290.0058,1180.0236,2017-08-18
9932,CA-2015-104948,11/13/2015,11/17/2015,Standard Class,KH-16510,Keith Herrera,Consumer,United States,San Bernardino,California,92404,West,FUR-BO-10004357,Furniture,Bookcases,O'Sullivan Living Dimensions 3-Shelf Bookcases,683.332,4.0,0.15,-40.196,806.3317599999999,2015-11-13
1370,US-2015-103471,12/24/2015,12/28/2015,Standard Class,JR-15670,Jim Radford,Consumer,United States,Colorado Springs,Colorado,80906,West,FUR-BO-10002613,Furniture,Bookcases,"Atlantic Metals Mobile 4-Shelf Bookcases, Custom Colors",590.058,7.0,0.7,-786.744,696.2684399999999,2015-12-24
2655,CA-2017-112515,9/17/2017,9/21/2017,Second Class,AS-10225,Alan Schoenberger,Corporate,United States,Provo,Utah,84604,West,FUR-BO-10003404,Furniture,Bookcases,"Global Adaptabilites Bookcase, Cherry/Storm Gray Finish",1292.94,3.0,0.0,77.5764,1525.6692,2017-09-17
7819,CA-2016-138478,10/21/2016,10/26/2016,Second Class,DP-13390,Dennis Pardue,Home Office,United States,North Las Vegas,Nevada,89031,West,OFF-BI-10001120,Office Supplies,Binders,Ibico EPK-21 Electric Binding System,4535.976,3.0,0.2,1644.2913,5352.451679999999,2016-10-21
9180,CA-2017-156776,8/7/2017,8/11/2017,Standard Class,JL-15505,Jeremy Lonsdale,Consumer,United States,Westminster,California,92683,West,TEC-PH-10002415,Technology,Phones,Polycom VoiceStation 500 Conference�phone,707.88,3.0,0.2,44.2425,835.2983999999999,2017-08-07
1190,CA-2017-117212,2/26/2017,2/28/2017,Second Class,BT-11530,Bradley Talbott,Home Office,United States,Los Angeles,California,90036,West,TEC-PH-10004447,Technology,Phones,Toshiba IPT2010-SD IP�Telephone,889.536,8.0,0.2,66.7152,1049.65248,2017-02-26
2101,US-2014-140116,3/10/2014,3/17/2014,Standard Class,KT-16480,Kean Thornton,Consumer,United States,Denver,Colorado,80219,West,OFF-ST-10000078,Office Supplies,Storage,Tennsco 6- and 18-Compartment Lockers,636.408,3.0,0.2,-15.9102,750.9614399999999,2014-03-10
6011,CA-2015-135580,12/30/2015,1/3/2016,Standard Class,CL-12565,Clay Ludtke,Consumer,United States,Los Angeles,California,90049,West,TEC-MA-10004002,Technology,Machines,Zebra GX420t Direct Thermal/Thermal Transfer Printer,2548.56,6.0,0.2,286.713,3007.3008,2015-12-30
1637,CA-2014-168984,11/26/2014,12/2/2014,Standard Class,NW-18400,Natalie Webber,Consumer,United States,Tigard,Oregon,97224,West,OFF-ST-10001097,Office Supplies,Storage,Office Impressions Heavy Duty Welded Shelving & Multimedia Storage Drawers,669.08,5.0,0.2,-167.27,789.5144,2014-11-26
5469,CA-2014-132451,9/26/2014,9/27/2014,First Class,KF-16285,Karen Ferguson,Home Office,United States,San Diego,California,92105,West,FUR-CH-10000454,Furniture,Chairs,"Hon Deluxe Fabric Upholstered Stacking Chairs, Rounded Back",585.552,3.0,0.2,73.194,690.95136,2014-09-26
6882,CA-2015-137113,12/1/2015,12/5/2015,Second Class,TW-21025,Tamara Willingham,Home Office,United States,Seattle,Washington,98105,West,FUR-TA-10001705,Furniture,Tables,Bush Advantage Collection Round Conference Table,1913.4,9.0,0.0,401.814,2257.812,2015-12-01
6290,US-2015-139675,3/13/2015,3/18/2015,Second Class,NF-18595,Nicole Fjeld,Home Office,United States,Chico,California,95928,West,FUR-CH-10004063,Furniture,Chairs,Global Deluxe High-Back Manager's Chair,915.136,4.0,0.2,102.9528,1079.8604799999998,2015-03-13
7939,CA-2017-166093,8/17/2017,8/24/2017,Standard Class,RW-19540,Rick Wilson,Corporate,United States,Brentwood,California,94513,West,OFF-ST-10001496,Office Supplies,Storage,Standard Rollaway File with Lock,540.57,3.0,0.0,140.5482,637.8726,2017-08-17
3750,CA-2017-161956,8/27/2017,8/29/2017,Second Class,DR-12880,Dan Reichenbach,Corporate,United States,Inglewood,California,90301,West,TEC-CO-10001571,Technology,Copiers,Sharp 1540cs Digital Laser Copier,879.984,2.0,0.2,329.994,1038.38112,2017-08-27
6737,CA-2016-123358,4/10/2016,4/17/2016,Standard Class,BT-11680,Brian Thompson,Consumer,United States,San Francisco,California,94122,West,OFF-ST-10001932,Office Supplies,Storage,Fellowes Staxonsteel Drawer Files,579.51,3.0,0.0,81.1314,683.8217999999999,2016-04-10
8055,CA-2015-121188,8/28/2015,9/4/2015,Standard Class,CB-12025,Cassandra Brandow,Consumer,United States,Los Angeles,California,90049,West,OFF-ST-10001490,Office Supplies,Storage,"Hot File 7-Pocket, Floor Stand",892.35,5.0,0.0,267.705,1052.973,2015-08-28
1487,CA-2015-140410,11/3/2015,11/7/2015,Standard Class,CM-12655,Corinna Mitchell,Home Office,United States,Los Angeles,California,90008,West,TEC-PH-10003580,Technology,Phones,Cisco IP Phone 7961G-GE VoIP phone,1212.848,7.0,0.2,106.1242,1431.1606399999998,2015-11-03
474,CA-2014-144666,11/9/2014,11/11/2014,Second Class,JP-15520,Jeremy Pistek,Consumer,United States,San Francisco,California,94110,West,TEC-PH-10002680,Technology,Phones,Samsung Galaxy Note 3,703.968,4.0,0.2,87.996,830.6822399999999,2014-11-09
4620,CA-2017-145219,12/24/2017,12/25/2017,First Class,RM-19675,Robert Marley,Home Office,United States,Los Angeles,California,90049,West,TEC-CO-10001449,Technology,Copiers,Hewlett Packard LaserJet 3310 Copier,2879.952,6.0,0.2,1007.9832,3398.3433600000003,2017-12-24
8103,CA-2015-149846,5/22/2015,5/26/2015,Standard Class,SB-20185,Sarah Brown,Consumer,United States,Los Angeles,California,90045,West,TEC-MA-10004002,Technology,Machines,Zebra GX420t Direct Thermal/Thermal Transfer Printer,2973.32,7.0,0.2,334.4985,3508.5176,2015-05-22
3839,CA-2014-126760,7/26/2014,8/2/2014,Standard Class,KM-16720,Kunst Miller,Consumer,United States,North Las Vegas,Nevada,89031,West,FUR-CH-10003312,Furniture,Chairs,Hon 2090 �Pillow Soft� Series Mid Back Swivel/Tilt Chairs,674.352,3.0,0.2,-109.5822,795.7353599999999,2014-07-26
7473,CA-2016-139997,7/1/2016,7/3/2016,First Class,EM-14140,Eugene Moren,Home Office,United States,Lehi,Utah,84043,West,TEC-CO-10000971,Technology,Copiers,Hewlett Packard 310 Color Digital Copier,1499.95,5.0,0.0,449.985,1769.941,2016-07-01
271,CA-2017-163979,12/28/2017,1/2/2018,Second Class,KH-16690,Kristen Hastings,Corporate,United States,San Francisco,California,94110,West,OFF-ST-10003208,Office Supplies,Storage,Adjustable Depth Letter/Legal Cart,725.84,4.0,0.0,210.4936,856.4912,2017-12-28
407,CA-2017-117457,12/8/2017,12/12/2017,Standard Class,KH-16510,Keith Herrera,Consumer,United States,San Francisco,California,94110,West,TEC-CO-10004115,Technology,Copiers,Sharp AL-1530CS Digital Copier,1199.976,3.0,0.2,434.9913,1415.97168,2017-12-08
3724,US-2014-169789,12/30/2014,1/4/2015,Standard Class,MF-17665,Maureen Fritzler,Corporate,United States,Phoenix,Arizona,85023,West,OFF-BI-10004600,Office Supplies,Binders,Ibico Ibimaster 300 Manual Binding System,551.985,5.0,0.7,-459.9875,651.3423,2014-12-30
4507,US-2014-138247,12/24/2014,12/29/2014,Standard Class,BF-11170,Ben Ferrer,Home Office,United States,Los Angeles,California,90045,West,TEC-PH-10001530,Technology,Phones,Cisco Unified IP Phone 7945G VoIP phone,818.376,3.0,0.2,51.1485,965.6836799999999,2014-12-24
1753,CA-2017-116715,12/2/2017,12/5/2017,First Class,VW-21775,Victoria Wilson,Corporate,United States,San Francisco,California,94122,West,OFF-ST-10004340,Office Supplies,Storage,"Fellowes Mobile File Cart, Black",559.62,9.0,0.0,151.0974,660.3516,2017-12-02
2549,US-2015-128090,8/16/2015,8/22/2015,Standard Class,JM-15865,John Murray,Consumer,United States,Phoenix,Arizona,85023,West,TEC-PH-10002624,Technology,Phones,Samsung Galaxy S4 Mini,1879.96,5.0,0.2,211.4955,2218.3528,2015-08-16
7066,CA-2014-106726,12/6/2014,12/8/2014,First Class,RS-19765,Roland Schwarz,Corporate,United States,Los Angeles,California,90008,West,OFF-ST-10001496,Office Supplies,Storage,Standard Rollaway File with Lock,1261.33,7.0,0.0,327.9458,1488.3693999999998,2014-12-06
336,CA-2015-137946,9/1/2015,9/4/2015,Second Class,DB-13615,Doug Bickford,Consumer,United States,Los Angeles,California,90045,West,TEC-CO-10001449,Technology,Copiers,Hewlett Packard LaserJet 3310 Copier,959.984,2.0,0.2,335.9944,1132.7811199999999,2015-09-01
4751,CA-2016-127649,10/7/2016,10/9/2016,First Class,DL-13495,Dionis Lloyd,Corporate,United States,Spokane,Washington,99207,West,TEC-MA-10001972,Technology,Machines,Okidata C331dn Printer,837.6,3.0,0.2,62.82,988.3679999999999,2016-10-07
4459,CA-2017-105851,3/13/2017,3/20/2017,Standard Class,SE-20110,Sanjit Engle,Consumer,United States,Denver,Colorado,80219,West,OFF-SU-10002881,Office Supplies,Supplies,Martin Yale Chadless Opener Electric Letter Opener,1332.496,2.0,0.2,-299.8116,1572.34528,2017-03-13
7526,CA-2014-125731,9/10/2014,9/16/2014,Standard Class,CL-12565,Clay Ludtke,Consumer,United States,Gresham,Oregon,97030,West,FUR-CH-10003973,Furniture,Chairs,GuestStacker Chair with Chrome Finish Legs,1487.04,5.0,0.2,148.704,1754.7071999999998,2014-09-10
9908,US-2015-129007,9/13/2015,9/15/2015,First Class,KD-16615,Ken Dana,Corporate,United States,Anaheim,California,92804,West,FUR-CH-10000155,Furniture,Chairs,Global Comet Stacking Armless Chair,717.72,3.0,0.2,71.772,846.9096,2015-09-13
2281,CA-2017-142622,10/30/2017,11/2/2017,First Class,JK-15625,Jim Karlsson,Consumer,United States,Seattle,Washington,98115,West,FUR-CH-10004289,Furniture,Chairs,Global Super Steno Chair,614.272,8.0,0.2,-23.0352,724.84096,2017-10-30
3313,US-2014-133130,9/27/2014,10/1/2014,Standard Class,TH-21100,Thea Hendricks,Consumer,United States,San Diego,California,92037,West,FUR-CH-10002602,Furniture,Chairs,DMI Arturo Collection Mission-style Design Wood Chair,603.92,5.0,0.2,45.294,712.6256,2014-09-27
2484,CA-2017-126067,8/28/2017,9/3/2017,Standard Class,KN-16705,Kristina Nunn,Home Office,United States,Seattle,Washington,98105,West,FUR-TA-10000617,Furniture,Tables,"Hon Practical Foundations 30 x 60 Training Table, Light Gray/Charcoal",1137.75,5.0,0.0,250.305,1342.5449999999998,2017-08-28
3497,CA-2016-107328,8/8/2016,8/15/2016,Standard Class,CA-12055,Cathy Armstrong,Home Office,United States,Los Angeles,California,90036,West,FUR-TA-10001932,Furniture,Tables,"Chromcraft 48"" x 96"" Racetrack Double Pedestal Table",513.024,2.0,0.2,12.8256,605.3683199999999,2016-08-08
5885,CA-2016-136301,3/13/2016,3/15/2016,Second Class,EH-13765,Edward Hooks,Corporate,United States,San Francisco,California,94109,West,OFF-SU-10000151,Office Supplies,Supplies,High Speed Automatic Electric Letter Opener,4912.59,3.0,0.0,196.5036,5796.8562,2016-03-13
9681,CA-2015-130113,12/27/2015,12/31/2015,Standard Class,AH-10030,Aaron Hawkins,Corporate,United States,San Francisco,California,94122,West,TEC-PH-10003505,Technology,Phones,Geemarc AmpliPOWER60,668.16,9.0,0.2,75.168,788.4287999999999,2015-12-27
3873,CA-2015-132486,10/23/2015,10/27/2015,Second Class,JF-15355,Jay Fein,Consumer,United States,San Diego,California,92105,West,FUR-CH-10001854,Furniture,Chairs,Office Star - Professional Matrix Back Chair with 2-to-1 Synchro Tilt and Mesh Fabric Seat,842.352,3.0,0.2,42.1176,993.9753599999999,2015-10-23
4717,CA-2017-143126,12/3/2017,12/7/2017,Second Class,CM-12655,Corinna Mitchell,Home Office,United States,Seattle,Washington,98115,West,FUR-TA-10002958,Furniture,Tables,"Bevis Oval Conference Table, Walnut",521.96,2.0,0.0,88.7332,615.9128000000001,2017-12-03
3633,CA-2017-132178,5/3/2017,5/8/2017,Second Class,DB-12970,Darren Budd,Corporate,United States,Los Angeles,California,90004,West,OFF-ST-10000025,Office Supplies,Storage,Fellowes Stor/Drawer Steel Plus Storage Drawers,763.44,8.0,0.0,45.8064,900.8592,2017-05-03
5400,CA-2016-117681,4/9/2016,4/14/2016,Standard Class,HF-14995,Herbert Flentye,Consumer,United States,Los Angeles,California,90004,West,FUR-BO-10001798,Furniture,Bookcases,Bush Somerset Collection Bookcase,556.665,5.0,0.15,6.549,656.8647,2016-04-09
6631,CA-2016-105081,12/25/2016,12/30/2016,Standard Class,JE-15715,Joe Elijah,Consumer,United States,Seattle,Washington,98115,West,FUR-CH-10000847,Furniture,Chairs,Global Executive Mid-Back Manager's Chair,698.352,3.0,0.2,52.3764,824.05536,2016-12-25
8133,CA-2014-127866,7/20/2014,7/23/2014,First Class,JD-15895,Jonathan Doherty,Corporate,United States,Riverside,California,92503,West,OFF-ST-10001490,Office Supplies,Storage,"Hot File 7-Pocket, Floor Stand",535.41,3.0,0.0,160.623,631.7837999999999,2014-07-20
9422,CA-2014-145254,7/23/2014,7/27/2014,Standard Class,NC-18535,Nick Crebassa,Corporate,United States,San Francisco,California,94122,West,TEC-PH-10000441,Technology,Phones,VTech DS6151,604.752,6.0,0.2,60.4752,713.6073599999999,2014-07-23
2247,CA-2017-103380,11/21/2017,11/25/2017,Standard Class,BF-11005,Barry Franz,Home Office,United States,Pasadena,California,91104,West,TEC-PH-10004165,Technology,Phones,Mitel MiVoice 5330e IP Phone,659.976,3.0,0.2,49.4982,778.77168,2017-11-21
3146,CA-2017-131828,2/11/2017,2/13/2017,Second Class,CS-11845,Cari Sayre,Corporate,United States,Seattle,Washington,98105,West,FUR-CH-10004495,Furniture,Chairs,"Global Leather and Oak Executive Chair, Black",963.136,4.0,0.2,108.3528,1136.50048,2017-02-11
5036,CA-2014-169803,4/6/2014,4/12/2014,Standard Class,SC-20260,Scott Cohen,Corporate,United States,Seattle,Washington,98115,West,FUR-TA-10000688,Furniture,Tables,"Chromcraft Bull-Nose Wood Round Conference Table Top, Wood Base",653.55,3.0,0.0,111.1035,771.1889999999999,2014-04-06
5652,CA-2017-142342,7/17/2017,7/19/2017,Second Class,AJ-10795,Anthony Johnson,Corporate,United States,Apple Valley,California,92307,West,FUR-BO-10002613,Furniture,Bookcases,"Atlantic Metals Mobile 4-Shelf Bookcases, Custom Colors",1194.165,5.0,0.15,210.735,1409.1146999999999,2017-07-17
9166,CA-2016-100300,6/24/2016,6/26/2016,Second Class,MJ-17740,Max Jones,Consumer,United States,San Diego,California,92037,West,TEC-MA-10000984,Technology,Machines,Okidata MB760 Printer,4476.8,4.0,0.2,503.64,5282.624,2016-06-24
4060,CA-2015-124058,11/20/2015,11/24/2015,Standard Class,LC-16885,Lena Creighton,Consumer,United States,Oakland,California,94601,West,FUR-CH-10000595,Furniture,Chairs,Safco Contoured Stacking Chairs,572.16,3.0,0.2,35.76,675.1487999999999,2015-11-20
8452,CA-2014-131387,4/28/2014,4/30/2014,First Class,AI-10855,Arianne Irving,Consumer,United States,San Francisco,California,94122,West,TEC-PH-10001459,Technology,Phones,Samsung Galaxy Mega 6.3,1679.96,5.0,0.2,125.997,1982.3528,2014-04-28
4270,US-2017-124821,6/25/2017,6/29/2017,Second Class,AM-10705,Anne McFarland,Consumer,United States,Seattle,Washington,98115,West,FUR-TA-10000688,Furniture,Tables,"Chromcraft Bull-Nose Wood Round Conference Table Top, Wood Base",871.4,4.0,0.0,148.138,1028.252,2017-06-25
6364,CA-2017-110443,11/21/2017,11/25/2017,Standard Class,CK-12205,Chloris Kastensmidt,Consumer,United States,Renton,Washington,98059,West,TEC-MA-10002073,Technology,Machines,"3D Systems Cube Printer, 2nd Generation, White",1039.992,1.0,0.2,103.9992,1227.1905599999998,2017-11-21
8041,CA-2017-121489,8/21/2017,8/25/2017,Second Class,CM-11815,Candace McMahon,Corporate,United States,Seattle,Washington,98115,West,OFF-ST-10000025,Office Supplies,Storage,Fellowes Stor/Drawer Steel Plus Storage Drawers,572.58,6.0,0.0,34.3548,675.6444,2017-08-21
7404,CA-2015-100146,5/14/2015,5/19/2015,Standard Class,CB-12535,Claudia Bergmann,Corporate,United States,Camarillo,California,93010,West,FUR-BO-10004015,Furniture,Bookcases,"Bush Andora Bookcase, Maple/Graphite Gray Finish",509.9575,5.0,0.15,41.9965,601.7498499999999,2015-05-14
1700,CA-2014-135657,6/3/2014,6/7/2014,Second Class,SC-20725,Steven Cartwright,Consumer,United States,Seattle,Washington,98115,West,FUR-TA-10004086,Furniture,Tables,KI Adjustable-Height Table,515.88,6.0,0.0,113.4936,608.7384,2014-06-03
3915,US-2017-142573,7/18/2017,7/23/2017,Standard Class,ML-17410,Maris LaWare,Consumer,United States,Phoenix,Arizona,85023,West,FUR-TA-10001932,Furniture,Tables,"Chromcraft 48"" x 96"" Racetrack Double Pedestal Table",801.6,5.0,0.5,-448.896,945.888,2017-07-18
4193,CA-2015-150875,11/16/2015,11/20/2015,Standard Class,HK-14890,Heather Kirkland,Corporate,United States,Boise,Idaho,83704,West,FUR-TA-10000577,Furniture,Tables,Bretford CR4500 Series Slim Rectangular Table,696.42,2.0,0.0,160.1766,821.7755999999999,2015-11-16
7908,CA-2016-112585,7/30/2016,8/2/2016,First Class,RW-19630,Rob Williams,Corporate,United States,San Francisco,California,94122,West,OFF-AP-10003849,Office Supplies,Appliances,Hoover Shoulder Vac Commercial Portable Vacuum,715.64,2.0,0.0,178.91,844.4552,2016-07-30
6709,CA-2015-123141,11/14/2015,11/19/2015,Standard Class,GZ-14470,Gary Zandusky,Consumer,United States,Rio Rancho,New Mexico,87124,West,FUR-CH-10004287,Furniture,Chairs,SAFCO Arco Folding Chair,883.84,4.0,0.2,99.432,1042.9312,2015-11-14
8795,CA-2014-162992,12/19/2014,12/21/2014,First Class,BP-11095,Bart Pistole,Corporate,United States,Los Angeles,California,90008,West,TEC-PH-10001944,Technology,Phones,Wi-Ex zBoost YX540 Cellular Phone Signal Booster,583.8,5.0,0.2,72.975,688.8839999999999,2014-12-19
486,CA-2017-140963,6/10/2017,6/13/2017,First Class,MT-18070,Michelle Tran,Home Office,United States,Los Angeles,California,90045,West,FUR-BO-10001337,Furniture,Bookcases,O'Sullivan Living Dimensions 2-Shelf Bookcases,514.165,5.0,0.15,-30.245,606.7146999999999,2017-06-10
2230,CA-2014-128055,3/31/2014,4/5/2014,Standard Class,AA-10315,Alex Avila,Consumer,United States,San Francisco,California,94122,West,OFF-BI-10004390,Office Supplies,Binders,GBC DocuBind 200 Manual Binding Machine,673.568,2.0,0.2,252.588,794.8102399999999,2014-03-31
7938,CA-2017-166093,8/17/2017,8/24/2017,Standard Class,RW-19540,Rick Wilson,Corporate,United States,Brentwood,California,94513,West,OFF-AP-10001058,Office Supplies,Appliances,Sanyo 2.5 Cubic Foot Mid-Size Office Refrigerators,2518.29,9.0,0.0,654.7554,2971.5822,2017-08-17
12,CA-2014-115812,6/9/2014,6/14/2014,Standard Class,BH-11710,Brosina Hoffman,Consumer,United States,Los Angeles,California,90032,West,TEC-PH-10002033,Technology,Phones,Konftel 250 Conference�phone�- Charcoal black,911.424,4.0,0.2,68.3568,1075.48032,2014-06-09
7251,CA-2015-158491,6/4/2015,6/9/2015,Second Class,BP-11155,Becky Pak,Consumer,United States,Los Angeles,California,90008,West,TEC-AC-10003870,Technology,Accessories,Logitech�Z-906 Speaker sys - home theater - 5.1-CH,989.97,3.0,0.0,395.988,1168.1646,2015-06-04
464,CA-2016-109869,4/22/2016,4/29/2016,Standard Class,TN-21040,Tanja Norvell,Home Office,United States,Phoenix,Arizona,85023,West,FUR-TA-10001889,Furniture,Tables,Bush Advantage Collection Racetrack Conference Table,1272.63,6.0,0.5,-814.4832,1501.7034,2016-04-22
5435,CA-2015-160171,10/19/2015,10/24/2015,Standard Class,RM-19675,Robert Marley,Home Office,United States,Los Angeles,California,90008,West,OFF-AP-10000275,Office Supplies,Appliances,"Sanyo Counter Height Refrigerator with Crisper, 3.6 Cubic Foot, Stainless Steel/Black",1640.7,5.0,0.0,459.396,1936.0259999999998,2015-10-19
2540,CA-2015-113404,7/16/2015,7/16/2015,Same Day,EM-13810,Eleni McCrary,Corporate,United States,San Francisco,California,94122,West,FUR-CH-10003312,Furniture,Chairs,Hon 2090 �Pillow Soft� Series Mid Back Swivel/Tilt Chairs,1348.704,6.0,0.2,-219.1644,1591.4707199999998,2015-07-16
4024,CA-2017-130764,10/27/2017,10/28/2017,First Class,JO-15145,Jack O'Briant,Corporate,United States,San Francisco,California,94110,West,FUR-BO-10003034,Furniture,Bookcases,"O'Sullivan Elevations Bookcase, Cherry Finish",556.665,5.0,0.15,6.549,656.8647,2017-10-27
9848,CA-2017-169327,9/2/2017,9/4/2017,Second Class,MH-17290,Marc Harrigan,Home Office,United States,Los Angeles,California,90008,West,FUR-FU-10004188,Furniture,Furnishings,Luxo Professional Combination Clamp-On Lamps,511.5,5.0,0.0,132.99,603.5699999999999,2017-09-02
1368,US-2017-155425,11/10/2017,11/11/2017,First Class,AB-10600,Ann Blume,Corporate,United States,Tucson,Arizona,85705,West,FUR-CH-10003312,Furniture,Chairs,Hon 2090 �Pillow Soft� Series Mid Back Swivel/Tilt Chairs,899.136,4.0,0.2,-146.1096,1060.98048,2017-11-10
3392,CA-2014-166471,8/9/2014,8/13/2014,Standard Class,MG-17650,Matthew Grinstein,Home Office,United States,Seattle,Washington,98103,West,TEC-PH-10001530,Technology,Phones,Cisco Unified IP Phone 7945G VoIP phone,1091.168,4.0,0.2,68.198,1287.5782399999998,2014-08-09
5742,US-2017-147886,3/28/2017,3/31/2017,First Class,DH-13075,Dave Hallsten,Corporate,United States,Fairfield,California,94533,West,TEC-MA-10004679,Technology,Machines,StarTech.com 10/100 VDSL2 Ethernet Extender Kit,532.72,2.0,0.2,53.272,628.6096,2017-03-28
339,CA-2014-129924,7/12/2014,7/17/2014,Standard Class,AC-10420,Alyssa Crouse,Corporate,United States,San Francisco,California,94122,West,FUR-TA-10004575,Furniture,Tables,Hon 5100 Series Wood Tables,698.352,3.0,0.2,-17.4588,824.05536,2014-07-12
8085,CA-2015-150714,10/26/2015,11/1/2015,Standard Class,KH-16690,Kristen Hastings,Corporate,United States,Springfield,Oregon,97477,West,OFF-ST-10001809,Office Supplies,Storage,Fellowes Officeware Wire Shelving,718.64,10.0,0.2,-161.694,847.9952,2015-10-26
1872,CA-2014-116932,7/21/2014,7/25/2014,Standard Class,ME-18010,Michelle Ellison,Corporate,United States,San Francisco,California,94122,West,FUR-CH-10001215,Furniture,Chairs,Global Troy Executive Leather Low-Back Tilter,801.568,2.0,0.2,50.098,945.85024,2014-07-21
2251,CA-2015-116092,2/15/2015,2/18/2015,Second Class,JM-16195,Justin MacKendrick,Consumer,United States,Los Angeles,California,90004,West,OFF-AP-10001391,Office Supplies,Appliances,Kensington 6 Outlet MasterPiece HOMEOFFICE Power Control Center,541.44,6.0,0.0,157.0176,638.8992000000001,2015-02-15
5460,CA-2017-116680,9/4/2017,9/6/2017,Second Class,PK-19075,Pete Kriz,Consumer,United States,San Francisco,California,94122,West,FUR-TA-10001771,Furniture,Tables,"Bush Cubix Conference Tables, Fully Assembled",1478.272,8.0,0.2,92.392,1744.3609599999997,2017-09-04
6210,CA-2017-119809,8/18/2017,8/25/2017,Standard Class,YS-21880,Yana Sorensen,Corporate,United States,Seattle,Washington,98103,West,OFF-BI-10003925,Office Supplies,Binders,Fellowes PB300 Plastic Comb Binding Machine,2793.528,9.0,0.2,942.8157,3296.3630399999997,2017-08-18
7058,CA-2016-165330,12/11/2016,12/11/2016,Same Day,WB-21850,William Brown,Consumer,United States,Anaheim,California,92804,West,FUR-TA-10004619,Furniture,Tables,Hon Non-Folding Utility Tables,892.136,7.0,0.2,111.517,1052.72048,2016-12-11
2955,CA-2017-134915,11/12/2017,11/12/2017,Same Day,EM-14140,Eugene Moren,Home Office,United States,Glendale,Arizona,85301,West,TEC-PH-10001459,Technology,Phones,Samsung Galaxy Mega 6.3,671.984,2.0,0.2,50.3988,792.94112,2017-11-12
2874,CA-2017-137022,11/16/2017,11/22/2017,Standard Class,SW-20275,Scott Williamson,Consumer,United States,San Diego,California,92105,West,OFF-ST-10001963,Office Supplies,Storage,Tennsco Regal Shelving Units,811.28,8.0,0.0,24.3384,957.3104,2017-11-16
3299,CA-2017-136308,11/16/2017,11/16/2017,Same Day,MW-18235,Mitch Willingham,Corporate,United States,San Francisco,California,94122,West,TEC-MA-10000488,Technology,Machines,Bady BDG101FRU Card Printer,1919.976,3.0,0.2,215.9973,2265.57168,2017-11-16
5046,CA-2016-158694,11/10/2016,11/13/2016,Second Class,AI-10855,Arianne Irving,Consumer,United States,Los Angeles,California,90036,West,OFF-ST-10001496,Office Supplies,Storage,Standard Rollaway File with Lock,720.76,4.0,0.0,187.3976,850.4967999999999,2016-11-10
8,CA-2014-115812,6/9/2014,6/14/2014,Standard Class,BH-11710,Brosina Hoffman,Consumer,United States,Los Angeles,California,90032,West,TEC-PH-10002275,Technology,Phones,Mitel 5320 IP Phone VoIP phone,907.152,6.0,0.2,90.7152,1070.43936,2014-06-09
1806,US-2016-116729,12/25/2016,12/28/2016,First Class,GK-14620,Grace Kelly,Corporate,United States,Los Angeles,California,90049,West,TEC-PH-10002200,Technology,Phones,Samsung Galaxy Note 2,2575.944,7.0,0.2,257.5944,3039.61392,2016-12-25
2794,CA-2014-154599,4/12/2014,4/17/2014,Standard Class,KN-16450,Kean Nguyen,Corporate,United States,Redondo Beach,California,90278,West,TEC-PH-10001557,Technology,Phones,Pyle PMP37LED,1075.088,14.0,0.2,94.0702,1268.60384,2014-04-12
4938,CA-2014-157147,1/13/2014,1/18/2014,Standard Class,BD-11605,Brian Dahlen,Consumer,United States,San Francisco,California,94109,West,OFF-ST-10000078,Office Supplies,Storage,Tennsco 6- and 18-Compartment Lockers,1325.85,5.0,0.0,238.653,1564.5029999999997,2014-01-13
2559,CA-2015-147788,5/31/2015,6/4/2015,Standard Class,TM-21010,Tamara Manning,Consumer,United States,Orem,Utah,84057,West,FUR-BO-10004357,Furniture,Bookcases,O'Sullivan Living Dimensions 3-Shelf Bookcases,1406.86,7.0,0.0,140.686,1660.0947999999999,2015-05-31
5560,US-2015-114741,12/6/2015,12/10/2015,Standard Class,IL-15100,Ivan Liston,Consumer,United States,North Las Vegas,Nevada,89031,West,OFF-ST-10000078,Office Supplies,Storage,Tennsco 6- and 18-Compartment Lockers,1325.85,5.0,0.0,238.653,1564.5029999999997,2015-12-06
9332,CA-2016-108056,9/29/2016,10/3/2016,Standard Class,ES-14080,Erin Smith,Corporate,United States,Springfield,Oregon,97477,West,TEC-PH-10001817,Technology,Phones,Wilson Electronics DB Pro Signal Booster,859.2,3.0,0.2,75.18,1013.856,2016-09-29
1645,CA-2015-111829,3/19/2015,3/20/2015,First Class,FH-14365,Fred Hopkins,Corporate,United States,Seattle,Washington,98115,West,TEC-CO-10001766,Technology,Copiers,Canon PC940 Copier,3149.93,7.0,0.0,1480.4671,3716.9174,2015-03-19
1571,US-2014-157385,11/23/2014,11/25/2014,First Class,SC-20095,Sanjit Chand,Consumer,United States,Los Angeles,California,90004,West,FUR-CH-10000863,Furniture,Chairs,Novimex Swivel Fabric Task Chair,603.92,5.0,0.2,-67.941,712.6256,2014-11-23
2437,CA-2017-140053,7/3/2017,7/10/2017,Standard Class,CA-12265,Christina Anderson,Consumer,United States,Farmington,New Mexico,87401,West,FUR-FU-10003708,Furniture,Furnishings,"Tenex Traditional Chairmats for Medium Pile Carpet, Standard Lip, 36"" x 48""",545.85,9.0,0.0,114.6285,644.103,2017-07-03
3838,CA-2014-126760,7/26/2014,8/2/2014,Standard Class,KM-16720,Kunst Miller,Consumer,United States,North Las Vegas,Nevada,89031,West,TEC-PH-10001363,Technology,Phones,Apple iPhone 5S,911.984,2.0,0.2,113.998,1076.14112,2014-07-26
3044,CA-2017-149559,9/11/2017,9/12/2017,Same Day,KF-16285,Karen Ferguson,Home Office,United States,Long Beach,California,90805,West,FUR-CH-10002320,Furniture,Chairs,Hon Pagoda Stacking Chairs,2054.272,8.0,0.2,256.784,2424.04096,2017-09-11
9489,CA-2015-156566,10/1/2015,10/4/2015,First Class,EM-13960,Eric Murdock,Consumer,United States,Portland,Oregon,97206,West,TEC-PH-10001817,Technology,Phones,Wilson Electronics DB Pro Signal Booster,572.8,2.0,0.2,50.12,675.9039999999999,2015-10-01
2075,CA-2017-122504,11/7/2017,11/12/2017,Second Class,DB-13270,Deborah Brumfield,Home Office,United States,Brentwood,California,94513,West,TEC-PH-10002468,Technology,Phones,"Plantronics CS 50-USB -�headset�- Convertible, Monaural",761.544,7.0,0.2,66.6351,898.6219199999999,2017-11-07
3274,CA-2017-133865,5/8/2017,5/12/2017,Standard Class,PS-19045,Penelope Sewall,Home Office,United States,Los Angeles,California,90032,West,TEC-CO-10001046,Technology,Copiers,Canon Imageclass D680 Copier / Fax,3359.952,6.0,0.2,1049.985,3964.74336,2017-05-08
8057,CA-2015-121188,8/28/2015,9/4/2015,Standard Class,CB-12025,Cassandra Brandow,Consumer,United States,Los Angeles,California,90049,West,OFF-ST-10000736,Office Supplies,Storage,Carina Double Wide Media Storage Towers in Natural & Black,728.82,9.0,0.0,29.1528,860.0076,2015-08-28
9653,CA-2016-107104,11/26/2016,11/30/2016,Standard Class,MS-17365,Maribeth Schnelling,Consumer,United States,Los Angeles,California,90045,West,FUR-FU-10002937,Furniture,Furnishings,"GE 48"" Fluorescent Tube, Cool White Energy Saver, 34 Watts, 30/Box",595.38,6.0,0.0,297.69,702.5483999999999,2016-11-26
9661,CA-2016-160717,6/6/2016,6/11/2016,Standard Class,ME-17320,Maria Etezadi,Home Office,United States,Santa Barbara,California,93101,West,TEC-PH-10001459,Technology,Phones,Samsung Galaxy Mega 6.3,3023.928,9.0,0.2,226.7946,3568.2350399999996,2016-06-06
9115,CA-2016-135461,2/7/2016,2/10/2016,Second Class,EB-13975,Erica Bern,Corporate,United States,Los Angeles,California,90049,West,TEC-PH-10004094,Technology,Phones,Motorola L703CM,623.96,5.0,0.2,38.9975,736.2728,2016-02-07
747,CA-2014-124429,5/27/2014,5/27/2014,Same Day,MH-17785,Maya Herman,Corporate,United States,San Diego,California,92105,West,FUR-TA-10002607,Furniture,Tables,KI Conference Tables,567.12,10.0,0.2,-28.356,669.2016,2014-05-27
2477,CA-2016-114972,11/3/2016,11/6/2016,First Class,PF-19225,Phillip Flathmann,Consumer,United States,Los Angeles,California,90032,West,OFF-AP-10003057,Office Supplies,Appliances,Honeywell Enviracaire Portable HEPA Air Cleaner for 16' x 20' Room,1101.48,4.0,0.0,429.5772,1299.7464,2016-11-03
4454,CA-2016-147137,7/4/2016,7/6/2016,First Class,AA-10645,Anna Andreadi,Consumer,United States,San Francisco,California,94109,West,FUR-BO-10001811,Furniture,Bookcases,"Atlantic Metals Mobile 5-Shelf Bookcases, Custom Colors",1279.165,5.0,0.15,225.735,1509.4146999999998,2016-07-04
5881,CA-2016-133935,9/18/2016,9/22/2016,Standard Class,JW-15220,Jane Waco,Corporate,United States,San Diego,California,92105,West,FUR-CH-10001215,Furniture,Chairs,Global Troy Executive Leather Low-Back Tilter,801.568,2.0,0.2,50.098,945.85024,2016-09-18
6271,CA-2017-102379,12/2/2017,12/6/2017,Standard Class,BB-11545,Brenda Bowman,Corporate,United States,Oakland,California,94601,West,FUR-CH-10004983,Furniture,Chairs,Office Star - Mid Back Dual function Ergonomic High Back Chair with 2-Way Adjustable Arms,1159.056,9.0,0.2,43.4646,1367.68608,2017-12-02
9134,CA-2015-157805,8/31/2015,9/4/2015,Standard Class,RH-19510,Rick Huthwaite,Home Office,United States,San Diego,California,92037,West,TEC-PH-10004447,Technology,Phones,Toshiba IPT2010-SD IP�Telephone,555.96,5.0,0.2,41.697,656.0328,2015-08-31
2419,CA-2016-107202,5/21/2016,5/28/2016,Standard Class,LC-16930,Linda Cazamias,Corporate,United States,Sparks,Nevada,89431,West,TEC-MA-10000112,Technology,Machines,Panasonic KX MB2061 Multifunction Printer,2396.4,10.0,0.2,179.73,2827.752,2016-05-21
3754,CA-2017-161956,8/27/2017,8/29/2017,Second Class,DR-12880,Dan Reichenbach,Corporate,United States,Inglewood,California,90301,West,OFF-BI-10003650,Office Supplies,Binders,GBC DocuBind 300 Electric Binding Machine,841.568,2.0,0.2,294.5488,993.0502399999999,2017-08-27
9760,CA-2016-146913,10/31/2016,11/5/2016,Standard Class,SF-20965,Sylvia Foulston,Corporate,United States,San Francisco,California,94109,West,FUR-CH-10001854,Furniture,Chairs,Office Star - Professional Matrix Back Chair with 2-to-1 Synchro Tilt and Mesh Fabric Seat,1403.92,5.0,0.2,70.196,1656.6256,2016-10-31
1296,CA-2015-138898,5/25/2015,5/29/2015,Standard Class,JH-16180,Justin Hirsh,Consumer,United States,Pueblo,Colorado,81001,West,OFF-AP-10004487,Office Supplies,Appliances,Kensington 4 Outlet MasterPiece Compact Power Control Center,845.728,13.0,0.2,84.5728,997.9590399999998,2015-05-25
11,CA-2014-115812,6/9/2014,6/14/2014,Standard Class,BH-11710,Brosina Hoffman,Consumer,United States,Los Angeles,California,90032,West,FUR-TA-10001539,Furniture,Tables,Chromcraft Rectangular Conference Tables,1706.184,9.0,0.2,85.3092,2013.29712,2014-06-09
2258,CA-2017-105214,6/16/2017,6/19/2017,First Class,TS-21610,Troy Staebel,Consumer,United States,San Francisco,California,94122,West,FUR-CH-10000015,Furniture,Chairs,Hon Multipurpose Stacking Arm Chairs,1212.96,7.0,0.2,90.972,1431.2928,2017-06-16
6579,CA-2014-103660,8/25/2014,8/30/2014,Standard Class,MW-18220,Mitch Webber,Consumer,United States,Seattle,Washington,98103,West,TEC-PH-10000895,Technology,Phones,Polycom VVX 310 VoIP phone,1007.944,7.0,0.2,75.5958,1189.37392,2014-08-25
3556,CA-2014-120838,3/23/2014,3/26/2014,Second Class,PO-18865,Patrick O'Donnell,Consumer,United States,Los Angeles,California,90036,West,TEC-PH-10003484,Technology,Phones,Ooma Telo VoIP Home Phone System,604.752,6.0,0.2,37.797,713.6073599999999,2014-03-23
393,US-2014-135972,9/21/2014,9/23/2014,Second Class,JG-15115,Jack Garza,Consumer,United States,Des Moines,Washington,98198,West,TEC-CO-10002313,Technology,Copiers,Canon PC1080F Personal Copier,1799.97,3.0,0.0,701.9883,2123.9646,2014-09-21
413,CA-2017-117457,12/8/2017,12/12/2017,Standard Class,KH-16510,Keith Herrera,Consumer,United States,San Francisco,California,94110,West,FUR-BO-10001972,Furniture,Bookcases,O'Sullivan 4-Shelf Bookcase in Odessa Pine,1336.829,13.0,0.15,31.4548,1577.4582199999998,2017-12-08
2755,CA-2015-155306,4/17/2015,4/21/2015,Standard Class,GA-14515,George Ashbrook,Consumer,United States,San Francisco,California,94122,West,TEC-PH-10002310,Technology,Phones,Plantronics Calisto P620-M USB Wireless Speakerphone System,783.96,5.0,0.2,68.5965,925.0728,2015-04-17
943,CA-2016-142958,12/13/2016,12/20/2016,Standard Class,RW-19630,Rob Williams,Corporate,United States,Torrance,California,90503,West,FUR-TA-10000577,Furniture,Tables,Bretford CR4500 Series Slim Rectangular Table,1114.272,4.0,0.2,41.7852,1314.8409599999998,2016-12-13
5428,US-2016-108497,6/14/2016,6/14/2016,Same Day,MH-17290,Marc Harrigan,Home Office,United States,Los Angeles,California,90036,West,FUR-BO-10004218,Furniture,Bookcases,"Bush Heritage Pine Collection 5-Shelf Bookcase, Albany Pine Finish, *Special Order",599.165,5.0,0.15,35.245,707.0147,2016-06-14
984,CA-2014-163419,11/11/2014,11/14/2014,Second Class,TZ-21580,Tracy Zic,Consumer,United States,Louisville,Colorado,80027,West,FUR-CH-10000665,Furniture,Chairs,"Global Airflow Leather Mesh Back Chair, Black",603.92,5.0,0.2,75.49,712.6256,2014-11-11
1317,CA-2016-145919,12/18/2016,12/23/2016,Standard Class,HG-14965,Henry Goldwyn,Corporate,United States,Los Angeles,California,90032,West,OFF-SU-10003505,Office Supplies,Supplies,Premier Electric Letter Opener,579.3,5.0,0.0,28.965,683.574,2016-12-18
1625,CA-2015-157084,12/19/2015,12/24/2015,Standard Class,JG-15160,James Galang,Consumer,United States,Los Angeles,California,90049,West,TEC-PH-10002922,Technology,Phones,ShoreTel ShorePhone IP 230 VoIP phone,675.96,5.0,0.2,84.495,797.6328,2015-12-19
5871,CA-2016-128223,6/14/2016,6/14/2016,Same Day,EB-13705,Ed Braxton,Corporate,United States,Anaheim,California,92804,West,FUR-TA-10001771,Furniture,Tables,"Bush Cubix Conference Tables, Fully Assembled",1293.488,7.0,0.2,80.843,1526.31584,2016-06-14
6160,CA-2016-161025,12/3/2016,12/9/2016,Standard Class,GM-14440,Gary McGarr,Consumer,United States,Los Angeles,California,90049,West,OFF-ST-10001932,Office Supplies,Storage,Fellowes Staxonsteel Drawer Files,772.68,4.0,0.0,108.1752,911.7623999999998,2016-12-03
8168,CA-2016-144148,7/31/2016,8/5/2016,Standard Class,AH-10690,Anna H�berlin,Corporate,United States,San Francisco,California,94122,West,FUR-TA-10002774,Furniture,Tables,Laminate Occasional Tables,863.128,7.0,0.2,-32.3673,1018.49104,2016-07-31
5640,CA-2014-154893,12/21/2014,12/27/2014,Standard Class,GM-14440,Gary McGarr,Consumer,United States,San Diego,California,92024,West,FUR-CH-10000595,Furniture,Chairs,Safco Contoured Stacking Chairs,572.16,3.0,0.2,35.76,675.1487999999999,2014-12-21
5663,CA-2016-108875,9/24/2016,10/1/2016,Standard Class,CL-12700,Craig Leslie,Home Office,United States,Aurora,Colorado,80013,West,OFF-ST-10001370,Office Supplies,Storage,Sensible Storage WireTech Storage Systems,511.056,9.0,0.2,-95.823,603.04608,2016-09-24
6288,CA-2014-100090,7/8/2014,7/12/2014,Standard Class,EB-13705,Ed Braxton,Corporate,United States,San Francisco,California,94122,West,FUR-TA-10003715,Furniture,Tables,Hon 2111 Invitation Series Corner Table,502.488,3.0,0.2,-87.9354,592.93584,2014-07-08
8712,CA-2014-105648,3/3/2014,3/7/2014,Standard Class,EJ-14155,Eva Jacobs,Consumer,United States,San Diego,California,92037,West,FUR-TA-10002958,Furniture,Tables,"Bevis Oval Conference Table, Walnut",626.352,3.0,0.2,-23.4882,739.0953599999999,2014-03-03
8893,CA-2015-111038,12/1/2015,12/6/2015,Standard Class,LC-16960,Lindsay Castell,Home Office,United States,San Diego,California,92037,West,FUR-CH-10003973,Furniture,Chairs,GuestStacker Chair with Chrome Finish Legs,2676.672,9.0,0.2,267.6672,3158.47296,2015-12-01
9930,CA-2016-129630,9/4/2016,9/4/2016,Same Day,IM-15055,Ionia McGrath,Consumer,United States,San Francisco,California,94122,West,TEC-CO-10003763,Technology,Copiers,Canon PC1060 Personal Laser Copier,2799.96,5.0,0.2,944.9865,3303.9528,2016-09-04
2660,CA-2015-135538,12/24/2015,12/28/2015,Standard Class,HR-14830,Harold Ryan,Corporate,United States,Gilbert,Arizona,85234,West,FUR-CH-10004287,Furniture,Chairs,SAFCO Arco Folding Chair,883.84,4.0,0.2,99.432,1042.9312,2015-12-24
3425,CA-2016-134803,5/28/2016,6/3/2016,Standard Class,CL-12565,Clay Ludtke,Consumer,United States,Los Angeles,California,90004,West,TEC-MA-10001972,Technology,Machines,Okidata C331dn Printer,558.4,2.0,0.2,41.88,658.9119999999999,2016-05-28
6688,CA-2015-165162,5/14/2015,5/21/2015,Standard Class,HG-15025,Hunter Glantz,Consumer,United States,Los Angeles,California,90032,West,OFF-ST-10003470,Office Supplies,Storage,"Tennsco Snap-Together Open Shelving Units, Starter Sets and Add-On Units",1117.92,4.0,0.0,55.896,1319.1456,2015-05-14
9349,CA-2016-114860,12/22/2016,12/28/2016,Standard Class,DN-13690,Duane Noonan,Consumer,United States,Moreno Valley,California,92553,West,FUR-FU-10000277,Furniture,Furnishings,Deflect-o DuraMat Antistatic Studded Beveled Mat for Medium Pile Carpeting,842.72,8.0,0.0,202.2528,994.4096,2016-12-22
4416,CA-2014-153983,11/29/2014,12/6/2014,Standard Class,AH-10210,Alan Hwang,Consumer,United States,San Francisco,California,94122,West,TEC-PH-10004586,Technology,Phones,Wilson SignalBoost 841262 DB PRO Amplifier Kit,575.92,2.0,0.2,71.99,679.5855999999999,2014-11-29
6908,CA-2016-140249,9/27/2016,10/3/2016,Standard Class,SW-20455,Shaun Weien,Consumer,United States,Seattle,Washington,98103,West,TEC-PH-10002584,Technology,Phones,Samsung Galaxy S4,1001.584,2.0,0.2,125.198,1181.8691199999998,2016-09-27
983,CA-2014-163419,11/11/2014,11/14/2014,Second Class,TZ-21580,Tracy Zic,Consumer,United States,Louisville,Colorado,80027,West,TEC-PH-10000560,Technology,Phones,Samsung Galaxy S III - 16GB - pebble blue (T-Mobile),559.984,2.0,0.2,55.9984,660.78112,2014-11-11
4720,CA-2015-142601,4/18/2015,4/20/2015,Second Class,DE-13255,Deanra Eno,Home Office,United States,Los Angeles,California,90004,West,OFF-ST-10002756,Office Supplies,Storage,"Tennsco Stur-D-Stor Boltless Shelving, 5 Shelves, 24"" Deep, Sand",947.17,7.0,0.0,9.4717,1117.6606,2015-04-18
5149,CA-2017-128734,12/24/2017,12/31/2017,Standard Class,JL-15175,James Lanier,Home Office,United States,Chandler,Arizona,85224,West,FUR-CH-10001394,Furniture,Chairs,Global Leather Executive Chair,842.376,3.0,0.2,105.297,994.0036799999999,2017-12-24
9491,CA-2017-111738,1/3/2017,1/7/2017,Standard Class,CM-12385,Christopher Martinez,Consumer,United States,San Francisco,California,94110,West,OFF-BI-10004584,Office Supplies,Binders,GBC ProClick 150 Presentation Binding System,2022.272,8.0,0.2,682.5168,2386.2809599999996,2017-01-03
283,CA-2015-130890,11/2/2015,11/6/2015,Standard Class,JO-15280,Jas O'Carroll,Consumer,United States,Los Angeles,California,90004,West,FUR-TA-10002903,Furniture,Tables,"Bevis Round Bullnose 29"" High Table Top",1038.84,5.0,0.2,51.942,1225.8311999999999,2015-11-02
3571,CA-2017-168109,7/3/2017,7/3/2017,Same Day,JK-15640,Jim Kriz,Home Office,United States,Seattle,Washington,98105,West,TEC-AC-10002049,Technology,Accessories,Plantronics Savi W720 Multi-Device Wireless Headset System,1687.8,4.0,0.0,742.632,1991.6039999999998,2017-07-03
9232,CA-2014-148383,12/27/2014,12/31/2014,Standard Class,RP-19390,Resi P�lking,Consumer,United States,Phoenix,Arizona,85023,West,OFF-BI-10003650,Office Supplies,Binders,GBC DocuBind 300 Electric Binding Machine,946.764,6.0,0.7,-694.2936,1117.1815199999999,2014-12-27
2240,CA-2016-146633,11/15/2016,11/17/2016,Second Class,TG-21310,Toby Gnade,Consumer,United States,Los Angeles,California,90049,West,OFF-BI-10003527,Office Supplies,Binders,Fellowes PB500 Electric Punch Plastic Comb Binding Machine with Manual Bind,1016.792,1.0,0.2,381.297,1199.81456,2016-11-15
4309,CA-2014-125829,11/4/2014,11/11/2014,Standard Class,WB-21850,William Brown,Consumer,United States,Los Angeles,California,90045,West,TEC-PH-10001079,Technology,Phones,Polycom SoundPoint Pro SE-225 Corded phone,666.344,7.0,0.2,66.6344,786.28592,2014-11-04
5926,CA-2017-150420,6/3/2017,6/8/2017,Standard Class,GD-14590,Giulietta Dortch,Corporate,United States,Bellingham,Washington,98226,West,TEC-AC-10004975,Technology,Accessories,Plantronics Audio 995 Wireless Stereo Headset,1099.5,10.0,0.0,362.835,1297.4099999999999,2017-06-03
1644,CA-2015-111829,3/19/2015,3/20/2015,First Class,FH-14365,Fred Hopkins,Corporate,United States,Seattle,Washington,98115,West,OFF-ST-10000142,Office Supplies,Storage,Deluxe Rollaway Locking File with Drawer,1247.64,3.0,0.0,349.3392,1472.2152,2015-03-19
6310,CA-2016-163328,11/4/2016,11/6/2016,Second Class,TP-21565,Tracy Poddar,Corporate,United States,Eugene,Oregon,97405,West,OFF-LA-10003930,Office Supplies,Labels,"Dot Matrix Printer Tape Reel Labels, White, 5000/Box",629.184,8.0,0.2,228.0792,742.4371199999999,2016-11-04
7407,CA-2015-100146,5/14/2015,5/19/2015,Standard Class,CB-12535,Claudia Bergmann,Corporate,United States,Camarillo,California,93010,West,FUR-CH-10004495,Furniture,Chairs,"Global Leather and Oak Executive Chair, Black",722.352,3.0,0.2,81.2646,852.3753599999999,2015-05-14
6309,CA-2016-163328,11/4/2016,11/6/2016,Second Class,TP-21565,Tracy Poddar,Corporate,United States,Eugene,Oregon,97405,West,FUR-CH-10000229,Furniture,Chairs,Global Enterprise Series Seating High-Back Swivel/Tilt Chairs,650.352,3.0,0.2,-97.5528,767.41536,2016-11-04
7085,CA-2017-118724,7/21/2017,7/25/2017,Second Class,AR-10825,Anthony Rawles,Corporate,United States,Concord,California,94521,West,TEC-PH-10002549,Technology,Phones,Polycom SoundPoint IP 450 VoIP phone,1626.192,9.0,0.2,121.9644,1918.90656,2017-07-21
2482,CA-2017-147956,12/24/2017,12/31/2017,Standard Class,AH-10210,Alan Hwang,Consumer,United States,Seattle,Washington,98105,West,OFF-ST-10001097,Office Supplies,Storage,Office Impressions Heavy Duty Welded Shelving & Multimedia Storage Drawers,1003.62,6.0,0.0,0.0,1184.2716,2017-12-24
4988,CA-2016-149279,4/24/2016,4/28/2016,Standard Class,CL-12700,Craig Leslie,Home Office,United States,Colorado Springs,Colorado,80906,West,FUR-CH-10004287,Furniture,Chairs,SAFCO Arco Folding Chair,1325.76,6.0,0.2,149.148,1564.3968,2016-04-24
552,CA-2016-136406,4/15/2016,4/17/2016,Second Class,BD-11320,Bill Donatelli,Consumer,United States,San Francisco,California,94110,West,FUR-CH-10002024,Furniture,Chairs,HON 5400 Series Task Chairs for Big and Tall,1121.568,2.0,0.2,0.0,1323.45024,2016-04-15
1931,US-2017-101539,3/16/2017,3/18/2017,Second Class,VM-21685,Valerie Mitchum,Home Office,United States,Seattle,Washington,98105,West,TEC-PH-10004165,Technology,Phones,Mitel MiVoice 5330e IP Phone,659.976,3.0,0.2,49.4982,778.77168,2017-03-16
3132,CA-2014-136399,12/16/2014,12/17/2014,First Class,CC-12100,Chad Cunningham,Home Office,United States,Los Angeles,California,90049,West,TEC-PH-10004977,Technology,Phones,GE 30524EE4,627.168,4.0,0.2,70.5564,740.05824,2014-12-16
68,CA-2014-106376,12/5/2014,12/10/2014,Standard Class,BS-11590,Brendan Sweed,Corporate,United States,Gilbert,Arizona,85234,West,OFF-AR-10002671,Office Supplies,Art,"Hunt BOSTON Model 1606 High-Volume Electric Pencil Sharpener, Beige",1113.024,8.0,0.2,111.3024,1313.3683199999998,2014-12-05
516,CA-2017-127432,1/22/2017,1/27/2017,Standard Class,AD-10180,Alan Dominguez,Home Office,United States,Great Falls,Montana,59405,West,TEC-CO-10003236,Technology,Copiers,Canon Image Class D660 Copier,2999.95,5.0,0.0,1379.977,3539.941,2017-01-22
3263,CA-2014-140662,11/17/2014,11/19/2014,First Class,TS-21205,Thomas Seio,Corporate,United States,San Francisco,California,94109,West,OFF-PA-10003395,Office Supplies,Paper,Xerox 1941,733.95,7.0,0.0,352.296,866.061,2014-11-17
6902,US-2017-135013,7/24/2017,7/24/2017,Same Day,HR-14830,Harold Ryan,Corporate,United States,Huntington Beach,California,92646,West,TEC-CO-10001449,Technology,Copiers,Hewlett Packard LaserJet 3310 Copier,2399.96,5.0,0.2,839.986,2831.9528,2017-07-24
8587,CA-2017-162015,7/11/2017,7/18/2017,Standard Class,KB-16240,Karen Bern,Corporate,United States,Los Angeles,California,90049,West,TEC-AC-10003832,Technology,Accessories,Logitech�P710e Mobile Speakerphone,1287.45,5.0,0.0,244.6155,1519.191,2017-07-11
503,US-2016-105578,5/30/2016,6/4/2016,Standard Class,MY-17380,Maribeth Yedwab,Corporate,United States,Parker,Colorado,80134,West,FUR-CH-10001215,Furniture,Chairs,Global Troy Executive Leather Low-Back Tilter,801.568,2.0,0.2,50.098,945.85024,2016-05-30
1049,CA-2014-139192,5/27/2014,6/1/2014,Second Class,LC-16885,Lena Creighton,Consumer,United States,San Francisco,California,94109,West,TEC-PH-10000486,Technology,Phones,Plantronics HL10 Handset Lifter,1113.504,12.0,0.2,125.2692,1313.9347199999997,2014-05-27
4645,CA-2015-147501,8/2/2015,8/6/2015,Standard Class,Co-12640,Corey-Lock,Consumer,United States,Seattle,Washington,98105,West,TEC-MA-10001972,Technology,Machines,Okidata C331dn Printer,558.4,2.0,0.2,41.88,658.9119999999999,2015-08-02
4708,CA-2017-138149,6/29/2017,6/30/2017,First Class,WB-21850,William Brown,Consumer,United States,Los Angeles,California,90049,West,OFF-BI-10003091,Office Supplies,Binders,GBC DocuBind TL200 Manual Binding Machine,895.92,5.0,0.2,302.373,1057.1855999999998,2017-06-29
2070,CA-2015-133452,4/13/2015,4/19/2015,Standard Class,ZC-21910,Zuschuss Carroll,Consumer,United States,Pomona,California,91767,West,FUR-TA-10003954,Furniture,Tables,Hon 94000 Series Round Tables,710.832,3.0,0.2,-97.7394,838.78176,2015-04-13
4116,CA-2016-163573,11/24/2016,11/27/2016,First Class,AC-10450,Amy Cox,Consumer,United States,Seattle,Washington,98105,West,OFF-BI-10004632,Office Supplies,Binders,Ibico Hi-Tech Manual Binding System,1219.96,5.0,0.2,381.2375,1439.5528,2016-11-24
1203,CA-2016-114727,7/18/2016,7/24/2016,Standard Class,LS-16945,Linda Southworth,Corporate,United States,Denver,Colorado,80219,West,FUR-CH-10002331,Furniture,Chairs,Hon 4700 Series Mobuis Mid-Back Task Chairs with Adjustable Arms,854.352,3.0,0.2,10.6794,1008.1353599999999,2016-07-18
2756,CA-2015-155306,4/17/2015,4/21/2015,Standard Class,GA-14515,George Ashbrook,Consumer,United States,San Francisco,California,94122,West,OFF-AP-10002651,Office Supplies,Appliances,Hoover Upright Vacuum With Dirt Cup,1447.65,5.0,0.0,419.8185,1708.227,2015-04-17
6203,CA-2016-118332,12/16/2016,12/23/2016,Standard Class,PK-19075,Pete Kriz,Consumer,United States,Apple Valley,California,92307,West,FUR-CH-10001708,Furniture,Chairs,Office Star - Contemporary Swivel Chair with Padded Adjustable Arms and Flex Back,563.92,5.0,0.2,7.049,665.4255999999999,2016-12-16
461,CA-2015-109638,12/15/2015,12/22/2015,Standard Class,JH-15985,Joseph Holt,Consumer,United States,Seattle,Washington,98115,West,TEC-AC-10004571,Technology,Accessories,Logitech G700s Rechargeable Gaming Mouse,899.91,9.0,0.0,377.9622,1061.8937999999998,2015-12-15
596,CA-2014-131450,8/8/2014,8/15/2014,Standard Class,LR-16915,Lena Radford,Consumer,United States,San Diego,California,92024,West,TEC-CO-10004115,Technology,Copiers,Sharp AL-1530CS Digital Copier,1199.976,3.0,0.2,434.9913,1415.97168,2014-08-08
3338,US-2017-109253,8/21/2017,8/22/2017,First Class,PR-18880,Patrick Ryan,Consumer,United States,Oakland,California,94601,West,FUR-TA-10001539,Furniture,Tables,Chromcraft Rectangular Conference Tables,568.728,3.0,0.2,28.4364,671.09904,2017-08-21
6918,CA-2014-124247,12/16/2014,12/21/2014,Standard Class,SH-20635,Stefanie Holloman,Corporate,United States,Sacramento,California,95823,West,FUR-CH-10001854,Furniture,Chairs,Office Star - Professional Matrix Back Chair with 2-to-1 Synchro Tilt and Mesh Fabric Seat,1403.92,5.0,0.2,70.196,1656.6256,2014-12-16
8101,CA-2016-169663,3/10/2016,3/13/2016,First Class,RH-19510,Rick Huthwaite,Home Office,United States,Los Angeles,California,90045,West,TEC-MA-10000984,Technology,Machines,Okidata MB760 Printer,3357.6,3.0,0.2,377.73,3961.968,2016-03-10
815,CA-2017-143686,5/14/2017,5/14/2017,Same Day,PJ-19015,Pauline Johnson,Consumer,United States,Santa Ana,California,92704,West,TEC-AC-10001838,Technology,Accessories,Razer Tiamat Over Ear 7.1 Surround Sound PC Gaming Headset,1399.93,7.0,0.0,601.9699,1651.9174,2017-05-14
1506,CA-2015-153388,8/1/2015,8/7/2015,Standard Class,PC-19000,Pauline Chand,Home Office,United States,Los Angeles,California,90004,West,FUR-TA-10003715,Furniture,Tables,Hon 2111 Invitation Series Corner Table,1004.976,6.0,0.2,-175.8708,1185.87168,2015-08-01
1864,US-2016-100839,10/13/2016,10/17/2016,Standard Class,NC-18625,Noah Childs,Corporate,United States,Aurora,Colorado,80013,West,FUR-TA-10004575,Furniture,Tables,Hon 5100 Series Wood Tables,727.45,5.0,0.5,-465.568,858.391,2016-10-13
3787,CA-2016-144218,10/31/2016,11/4/2016,Standard Class,JD-15895,Jonathan Doherty,Corporate,United States,Los Angeles,California,90045,West,OFF-ST-10002615,Office Supplies,Storage,"Dual Level, Single-Width Filing Carts",1085.42,7.0,0.0,282.2092,1280.7956,2016-10-31
5745,US-2017-147886,3/28/2017,3/31/2017,First Class,DH-13075,Dave Hallsten,Corporate,United States,Fairfield,California,94533,West,OFF-ST-10002743,Office Supplies,Storage,SAFCO Boltless Steel Shelving,795.48,7.0,0.0,7.9548,938.6664,2017-03-28
7815,US-2017-109316,6/8/2017,6/10/2017,First Class,MG-17680,Maureen Gastineau,Home Office,United States,Los Angeles,California,90049,West,FUR-BO-10004834,Furniture,Bookcases,"Riverside Palais Royal Lawyers Bookcase, Royale Cherry Finish",1497.666,2.0,0.15,140.9568,1767.24588,2017-06-08
252,CA-2016-145625,9/11/2016,9/17/2016,Standard Class,KC-16540,Kelly Collister,Consumer,United States,San Diego,California,92037,West,TEC-AC-10003832,Technology,Accessories,Logitech�P710e Mobile Speakerphone,3347.37,13.0,0.0,636.0003,3949.8965999999996,2016-09-11
4595,CA-2016-129868,12/26/2016,12/31/2016,Standard Class,MC-18130,Mike Caudle,Corporate,United States,Los Angeles,California,90004,West,FUR-TA-10003473,Furniture,Tables,Bretford Rectangular Conference Table Tops,902.712,3.0,0.2,33.8517,1065.2001599999999,2016-12-26
1145,CA-2014-146969,9/29/2014,10/3/2014,Standard Class,AP-10915,Arthur Prichep,Consumer,United States,Los Angeles,California,90045,West,TEC-MA-10004241,Technology,Machines,Star Micronics TSP800 TSP847IIU Receipt Printer,686.32,2.0,0.2,223.054,809.8576,2014-09-29
5962,CA-2014-140732,11/11/2014,11/13/2014,Second Class,MA-17560,Matt Abelman,Home Office,United States,Los Angeles,California,90004,West,TEC-PH-10001425,Technology,Phones,Mophie Juice Pack Helium for iPhone,575.928,9.0,0.2,57.5928,679.5950399999999,2014-11-11
409,CA-2017-117457,12/8/2017,12/12/2017,Standard Class,KH-16510,Keith Herrera,Consumer,United States,San Francisco,California,94110,West,FUR-TA-10002041,Furniture,Tables,"Bevis Round Conference Table Top, X-Base",1004.024,7.0,0.2,-112.9527,1184.74832,2017-12-08
4772,US-2014-167262,10/31/2014,11/3/2014,Second Class,AC-10450,Amy Cox,Consumer,United States,Avondale,Arizona,85323,West,TEC-PH-10000486,Technology,Phones,Plantronics HL10 Handset Lifter,742.336,8.0,0.2,83.5128,875.9564799999999,2014-10-31
5883,CA-2016-133935,9/18/2016,9/22/2016,Standard Class,JW-15220,Jane Waco,Corporate,United States,San Diego,California,92105,West,FUR-CH-10002880,Furniture,Chairs,"Global High-Back Leather Tilter, Burgundy",885.528,9.0,0.2,-99.6219,1044.92304,2016-09-18
7622,US-2014-144078,11/25/2014,11/29/2014,Standard Class,RB-19435,Richard Bierner,Consumer,United States,Los Angeles,California,90004,West,FUR-CH-10002335,Furniture,Chairs,Hon GuestStacker Chair,725.344,4.0,0.2,54.4008,855.90592,2014-11-25
7545,US-2017-112347,12/2/2017,12/6/2017,Standard Class,BS-11380,Bill Stewart,Corporate,United States,Denver,Colorado,80219,West,FUR-CH-10002335,Furniture,Chairs,Hon GuestStacker Chair,906.68,5.0,0.2,68.001,1069.8824,2017-12-02
2857,CA-2016-128594,8/26/2016,8/29/2016,First Class,DJ-13510,Don Jones,Corporate,United States,San Diego,California,92037,West,FUR-CH-10001215,Furniture,Chairs,Global Troy Executive Leather Low-Back Tilter,1603.136,4.0,0.2,100.196,1891.70048,2016-08-26
3716,CA-2014-135608,12/8/2014,12/10/2014,Second Class,JK-15625,Jim Karlsson,Consumer,United States,Olympia,Washington,98502,West,FUR-CH-10002602,Furniture,Chairs,DMI Arturo Collection Mission-style Design Wood Chair,603.92,5.0,0.2,45.294,712.6256,2014-12-08
7168,CA-2014-117464,7/22/2014,7/24/2014,Second Class,NP-18325,Naresj Patel,Consumer,United States,San Francisco,California,94122,West,FUR-CH-10000155,Furniture,Chairs,Global Comet Stacking Armless Chair,717.72,3.0,0.2,71.772,846.9096,2014-07-22
778,CA-2015-144267,8/21/2015,8/23/2015,First Class,NZ-18565,Nick Zandusky,Home Office,United States,San Francisco,California,94110,West,FUR-CH-10002335,Furniture,Chairs,Hon GuestStacker Chair,544.008,3.0,0.2,40.8006,641.92944,2015-08-21
3893,US-2016-163881,11/24/2016,11/30/2016,Standard Class,SP-20860,Sung Pak,Corporate,United States,Los Angeles,California,90036,West,TEC-AC-10000420,Technology,Accessories,Logitech G500s Laser Gaming Mouse with Adjustable Weight Tuning,559.92,8.0,0.0,190.3728,660.7055999999999,2016-11-24
3984,CA-2016-135265,7/7/2016,7/9/2016,Second Class,CC-12370,Christopher Conant,Consumer,United States,Los Angeles,California,90045,West,TEC-CO-10003763,Technology,Copiers,Canon PC1060 Personal Laser Copier,2799.96,5.0,0.2,944.9865,3303.9528,2016-07-07
5426,CA-2016-153598,12/3/2016,12/6/2016,First Class,NM-18520,Neoma Murray,Consumer,United States,Los Angeles,California,90045,West,TEC-AC-10003870,Technology,Accessories,Logitech�Z-906 Speaker sys - home theater - 5.1-CH,1649.95,5.0,0.0,659.98,1946.941,2016-12-03
2417,CA-2017-168655,10/12/2017,10/18/2017,Standard Class,ML-18040,Michelle Lonsdale,Corporate,United States,Albuquerque,New Mexico,87105,West,TEC-AC-10002842,Technology,Accessories,WD My Passport Ultra 2TB Portable External Hard Drive,595.0,5.0,0.0,95.2,702.0999999999999,2017-10-12
2506,CA-2014-143917,7/25/2014,7/27/2014,Second Class,KL-16645,Ken Lonsdale,Consumer,United States,San Francisco,California,94122,West,OFF-SU-10000151,Office Supplies,Supplies,High Speed Automatic Electric Letter Opener,8187.65,5.0,0.0,327.506,9661.427,2014-07-25
8872,CA-2017-101805,12/1/2017,12/6/2017,Standard Class,SH-19975,Sally Hughsby,Corporate,United States,Seattle,Washington,98105,West,OFF-ST-10002756,Office Supplies,Storage,"Tennsco Stur-D-Stor Boltless Shelving, 5 Shelves, 24"" Deep, Sand",541.24,4.0,0.0,5.4124,638.6632,2017-12-01
9638,CA-2014-124702,11/18/2014,11/25/2014,Standard Class,MH-17785,Maya Herman,Corporate,United States,Seattle,Washington,98105,West,FUR-TA-10003008,Furniture,Tables,"Lesro Round Back Collection Coffee Table, End Table",730.2,4.0,0.0,94.926,861.636,2014-11-18
945,CA-2015-120880,5/29/2015,6/3/2015,Standard Class,JL-15850,John Lucas,Consumer,United States,Seattle,Washington,98105,West,OFF-ST-10001496,Office Supplies,Storage,Standard Rollaway File with Lock,540.57,3.0,0.0,140.5482,637.8726,2015-05-29
5813,US-2015-163279,3/22/2015,3/26/2015,Standard Class,JD-16150,Justin Deggeller,Corporate,United States,San Diego,California,92037,West,TEC-PH-10001795,Technology,Phones,ClearOne CHATAttach 160 -�speaker phone,1487.976,3.0,0.2,185.997,1755.81168,2015-03-22
2405,CA-2017-108574,10/7/2017,10/11/2017,Standard Class,MG-18145,Mike Gockenbach,Consumer,United States,Los Angeles,California,90045,West,TEC-AC-10002049,Technology,Accessories,Logitech G19 Programmable Gaming Keyboard,1115.91,9.0,0.0,200.8638,1316.7738,2017-10-07
4292,CA-2017-102407,12/9/2017,12/13/2017,Second Class,AT-10435,Alyssa Tate,Home Office,United States,Los Angeles,California,90004,West,FUR-TA-10003748,Furniture,Tables,Bevis 36 x 72 Conference Tables,896.328,9.0,0.2,22.4082,1057.6670399999998,2017-12-09
4634,CA-2015-130456,8/21/2015,8/26/2015,Standard Class,DS-13180,David Smith,Corporate,United States,San Francisco,California,94122,West,FUR-BO-10003893,Furniture,Bookcases,Sauder Camden County Collection Library,586.398,6.0,0.15,34.494,691.94964,2015-08-21
6930,CA-2016-140382,6/23/2016,6/25/2016,Second Class,RD-19900,Ruben Dartt,Consumer,United States,San Francisco,California,94109,West,TEC-PH-10003012,Technology,Phones,Nortel Meridian M3904 Professional Digital phone,862.344,7.0,0.2,97.0137,1017.56592,2016-06-23
9325,CA-2017-121853,9/23/2017,9/29/2017,Standard Class,DB-13660,Duane Benoit,Consumer,United States,Los Angeles,California,90036,West,FUR-CH-10003973,Furniture,Chairs,GuestStacker Chair with Chrome Finish Legs,594.816,2.0,0.2,59.4816,701.88288,2017-09-23
5019,CA-2014-127558,11/15/2014,11/18/2014,First Class,SS-20410,Shahid Shariari,Consumer,United States,Los Angeles,California,90008,West,TEC-AC-10003832,Technology,Accessories,Logitech�P710e Mobile Speakerphone,772.47,3.0,0.0,146.7693,911.5146,2014-11-15
5023,CA-2016-133795,12/18/2016,12/24/2016,Standard Class,JE-15475,Jeremy Ellison,Consumer,United States,San Diego,California,92037,West,TEC-AC-10003832,Technology,Accessories,Logitech�P710e Mobile Speakerphone,772.47,3.0,0.0,146.7693,911.5146,2016-12-18
4310,CA-2014-125829,11/4/2014,11/11/2014,Standard Class,WB-21850,William Brown,Consumer,United States,Los Angeles,California,90045,West,FUR-TA-10002041,Furniture,Tables,"Bevis Round Conference Table Top, X-Base",573.728,4.0,0.2,-64.5444,676.9990399999999,2014-11-04
6235,US-2017-142188,9/11/2017,9/11/2017,Same Day,JF-15415,Jennifer Ferguson,Consumer,United States,Seattle,Washington,98105,West,OFF-BI-10004600,Office Supplies,Binders,Ibico Ibimaster 300 Manual Binding System,1471.96,5.0,0.2,459.9875,1736.9128,2017-09-11
2221,CA-2017-130841,7/28/2017,8/1/2017,Standard Class,MH-17620,Matt Hagelstein,Corporate,United States,San Francisco,California,94110,West,TEC-PH-10001817,Technology,Phones,Wilson Electronics DB Pro Signal Booster,1145.6,4.0,0.2,100.24,1351.8079999999998,2017-07-28
7649,CA-2016-138968,3/15/2016,3/16/2016,First Class,FC-14335,Fred Chung,Corporate,United States,San Francisco,California,94110,West,FUR-CH-10000309,Furniture,Chairs,Global Comet Stacking Arm Chair,1352.032,4.0,0.2,84.502,1595.3977599999998,2016-03-15
4137,CA-2017-105914,10/2/2017,10/8/2017,Standard Class,PV-18985,Paul Van Hugh,Home Office,United States,Los Angeles,California,90036,West,OFF-ST-10003716,Office Supplies,Storage,Tennsco Double-Tier Lockers,1575.14,7.0,0.0,204.7682,1858.6652,2017-10-02
4587,US-2017-163790,11/2/2017,11/4/2017,Second Class,NL-18310,Nancy Lomonaco,Home Office,United States,Danville,California,94526,West,OFF-BI-10003718,Office Supplies,Binders,GBC Therma-A-Bind 250T Electric Binding System,590.352,6.0,0.2,206.6232,696.6153599999999,2017-11-02
811,CA-2014-151995,10/13/2014,10/15/2014,First Class,ZC-21910,Zuschuss Carroll,Consumer,United States,Edmonds,Washington,98026,West,FUR-TA-10002903,Furniture,Tables,"Bevis Round Bullnose 29"" High Table Top",1298.55,5.0,0.0,311.652,1532.2889999999998,2014-10-13
8366,CA-2017-157273,1/30/2017,2/2/2017,First Class,SZ-20035,Sam Zeldin,Home Office,United States,Seattle,Washington,98105,West,TEC-PH-10002275,Technology,Phones,Mitel 5320 IP Phone VoIP phone,604.768,4.0,0.2,60.4768,713.62624,2017-01-30
9060,CA-2016-132304,6/14/2016,6/18/2016,Standard Class,AR-10825,Anthony Rawles,Corporate,United States,Seattle,Washington,98103,West,FUR-TA-10004619,Furniture,Tables,Hon Non-Folding Utility Tables,1115.17,7.0,0.0,334.551,1315.9006,2016-06-14
3203,CA-2014-158372,11/10/2014,11/16/2014,Standard Class,RD-19900,Ruben Dartt,Consumer,United States,San Diego,California,92037,West,TEC-PH-10002103,Technology,Phones,Jabra SPEAK 410,601.536,8.0,0.2,60.1536,709.8124799999999,2014-11-10
3570,CA-2017-168109,7/3/2017,7/3/2017,Same Day,JK-15640,Jim Kriz,Home Office,United States,Seattle,Washington,98105,West,TEC-MA-10001148,Technology,Machines,Okidata MB491 Multifunction Printer,2395.2,6.0,0.2,209.58,2826.336,2017-07-03
6869,US-2016-126452,8/21/2016,8/28/2016,Standard Class,SC-20230,Scot Coram,Corporate,United States,Los Angeles,California,90004,West,FUR-TA-10003569,Furniture,Tables,Bretford CR8500 Series Meeting Room Furniture,2887.056,9.0,0.2,180.441,3406.72608,2016-08-21
3778,CA-2015-107937,5/3/2015,5/8/2015,Standard Class,JB-16045,Julia Barnett,Home Office,United States,Chula Vista,California,91911,West,FUR-FU-10002298,Furniture,Furnishings,"Rubbermaid ClusterMat Chairmats, Mat Size- 66"" x 60"", Lip 20"" x 11"" -90 Degree Angle",665.88,6.0,0.0,106.5408,785.7384,2015-05-03
8784,CA-2016-116911,9/15/2016,9/20/2016,Standard Class,JD-16150,Justin Deggeller,Corporate,United States,Twin Falls,Idaho,83301,West,FUR-TA-10003473,Furniture,Tables,Bretford Rectangular Conference Table Tops,1128.39,3.0,0.0,259.5297,1331.5002,2016-09-15
9144,US-2017-166688,5/20/2017,5/26/2017,Standard Class,RD-19480,Rick Duston,Consumer,United States,Las Vegas,Nevada,89115,West,TEC-PH-10004094,Technology,Phones,Motorola L703CM,1123.128,9.0,0.2,70.1955,1325.2910399999998,2017-05-20
807,CA-2014-134313,11/1/2014,11/7/2014,Standard Class,RA-19915,Russell Applegate,Consumer,United States,Denver,Colorado,80219,West,TEC-PH-10001795,Technology,Phones,ClearOne CHATAttach 160 -�speaker phone,1983.968,4.0,0.2,247.996,2341.08224,2014-11-01
2478,CA-2017-102750,9/4/2017,9/8/2017,Second Class,GM-14695,Greg Maxwell,Corporate,United States,Los Angeles,California,90036,West,FUR-TA-10000198,Furniture,Tables,Chromcraft Bull-Nose Wood Oval Conference Tables & Bases,1322.352,3.0,0.2,-99.1764,1560.37536,2017-09-04
2809,CA-2015-148635,7/25/2015,7/27/2015,Second Class,MH-18025,Michelle Huthwaite,Consumer,United States,Seattle,Washington,98115,West,FUR-BO-10002213,Furniture,Bookcases,"Sauder Forest Hills Library, Woodland Oak Finish",704.9,5.0,0.0,56.392,831.7819999999999,2015-07-25
6063,CA-2015-111780,12/25/2015,12/30/2015,Second Class,RA-19285,Ralph Arnett,Consumer,United States,San Diego,California,92037,West,TEC-CO-10004202,Technology,Copiers,Brother DCP1000 Digital 3 in 1 Multifunction Machine,1199.96,5.0,0.2,224.9925,1415.9528,2015-12-25
9198,CA-2014-103310,5/10/2014,5/15/2014,Standard Class,GM-14680,Greg Matthias,Consumer,United States,San Jose,California,95123,West,TEC-PH-10001817,Technology,Phones,Wilson Electronics DB Pro Signal Booster,1432.0,5.0,0.2,125.3,1689.76,2014-05-10
1614,CA-2017-138380,12/21/2017,12/25/2017,Standard Class,YS-21880,Yana Sorensen,Corporate,United States,Oakland,California,94601,West,OFF-ST-10003306,Office Supplies,Storage,Letter Size Cart,1000.02,7.0,0.0,290.0058,1180.0236,2017-12-21
5775,CA-2016-142398,4/12/2016,4/16/2016,Standard Class,BP-11290,Beth Paige,Consumer,United States,Los Angeles,California,90036,West,FUR-CH-10001545,Furniture,Chairs,Hon Comfortask Task/Swivel Chairs,638.288,7.0,0.2,-31.9144,753.17984,2016-04-12
8244,CA-2014-109897,8/12/2014,8/16/2014,Standard Class,BW-11200,Ben Wallace,Consumer,United States,San Francisco,California,94122,West,TEC-PH-10003691,Technology,Phones,BlackBerry Q10,806.336,8.0,0.2,50.396,951.4764799999999,2014-08-12
8859,CA-2017-135909,10/13/2017,10/20/2017,Standard Class,JW-15220,Jane Waco,Corporate,United States,Sacramento,California,95823,West,OFF-BI-10003527,Office Supplies,Binders,Fellowes PB500 Electric Punch Plastic Comb Binding Machine with Manual Bind,5083.96,5.0,0.2,1906.485,5999.0728,2017-10-13
9731,CA-2014-111962,9/29/2014,10/4/2014,Standard Class,EB-14170,Evan Bailliet,Consumer,United States,Seattle,Washington,98115,West,OFF-ST-10000046,Office Supplies,Storage,Fellowes Super Stor/Drawer Files,807.75,5.0,0.0,153.4725,953.145,2014-09-29
