order_id,customer_id,order_date,status,region_code
ORD00001,CUST0479,2025-02-21 07:21:38,RETURNED,NORTH
ORD00002,CUST0391,2024-09-13 23:46:36,CANCELLED,CENTRAL
ORD00003,CUST0224,07-07-2026 17:57:12,SHIPPED,WEST
ORD00004,CUST0477,23-05-2025 15:32:08,PLACED,WEST
ORD00005,CUST0121,2025-01-30 03:49:28,PLACED,EAST
ORD00006,CUST0164,2025-05-02 03:08:32,DELIVERED,SOUTH
ORD00007,CUST0147,2025-04-08 14:39:25,CANCELLED,SOUTH
ORD00008,CUST0241,2026-04-22 19:56:00,PLACED,NORTH
ORD00009,,2024-09-30 22:07:42,SHIPPED,CENTRAL
ORD00010,CUST0312,2026-03-25 19:48:10,PLACED,EAST
ORD00011,CUST0063,24-05-2025 10:34:15,CANCELLED,CENTRAL
ORD00012,CUST0057,2025-11-15 10:30:07,CANCELLED,CENTRAL
ORD00013,CUST0324,2026-02-28 12:02:28,SHIPPED,SOUTH
ORD00014,CUST0001,2026-06-29 12:55:19,SHIPPED,CENTRAL
ORD00015,CUST0341,2025-03-16 13:16:59,RETURNED,EAST
ORD00016,CUST0270,2026-06-17 06:45:07,RETURNED,CENTRAL
ORD00017,,2025-02-15 09:15:58,PLACED,WEST
ORD00018,CUST0130,2024-11-15 08:25:15,DELIVERED,NORTH
ORD00019,CUST0376,2026-02-09 16:33:23,PLACED,CENTRAL
ORD00020,CUST0171,2026-04-01 00:27:55,DELIVERED,CENTRAL
ORD00021,CUST0330,2026-03-27 23:45:01,CANCELLED,WEST
ORD00022,CUST0416,2025-04-21 14:59:46,CANCELLED,NORTH
ORD00023,CUST0023,2026-05-02 10:28:12,PLACED,EAST
ORD00024,CUST0264,2024-10-15 12:45:12,RETURNED,WEST
ORD00025,CUST0386,2024-08-18 21:08:25,DELIVERED,EAST
ORD00026,CUST0025,2026-05-31 12:12:32,DELIVERED,EAST
ORD00027,CUST0189,2025-08-26 14:39:57,CANCELLED,WEST
ORD00028,CUST0198,2025-09-14 22:22:05,SHIPPED,WEST
ORD00029,CUST0189,2026-04-24 02:18:51,RETURNED,EAST
ORD00030,CUST0373,2025-10-03 23:41:25,CANCELLED,CENTRAL
ORD00031,CUST0093,2025-07-29 10:51:28,DELIVERED,NORTH
ORD00032,CUST0339,2025-09-17 01:57:09,CANCELLED,CENTRAL
ORD00033,CUST0086,2024-08-01 23:23:08,DELIVERED,WEST
ORD00034,,2026-06-24 10:48:43,DELIVERED,CENTRAL
ORD00035,CUST0141,2025-10-29 15:42:49,PLACED,NORTH
ORD00036,CUST0208,2026-01-08 13:02:33,SHIPPED,NORTH
ORD00037,CUST0312,2025-05-14 16:35:02,CANCELLED,NORTH
ORD00038,CUST0121,2025-09-04 01:49:50,DELIVERED,EAST
ORD00039,CUST0291,10-03-2025 10:00:22,SHIPPED,WEST
ORD00040,CUST0191,2024-10-05 21:01:03,PLACED,CENTRAL
ORD00041,CUST0188,2026-01-27 18:53:04,DELIVERED,SOUTH
ORD00042,CUST0014,2025-02-06 01:38:50,CANCELLED,CENTRAL
ORD00043,CUST0288,2024-08-14 06:11:48,DELIVERED,WEST
ORD00044,CUST0314,2025-06-10 10:58:34,CANCELLED,SOUTH
ORD00045,CUST0437,24-02-2026 02:50:20,SHIPPED,WEST
ORD00046,CUST0415,2025-08-08 16:26:47,DELIVERED,EAST
ORD00047,CUST0282,2025-03-23 07:32:33,DELIVERED,SOUTH
ORD00048,CUST0475,2026-05-12 23:57:41,SHIPPED,EAST
ORD00049,CUST0063,2025-10-05 04:16:46,SHIPPED,SOUTH
ORD00050,CUST0014,2025-10-07 05:17:39,RETURNED,EAST
ORD00051,CUST0283,2025-08-05 08:48:43,PLACED,NORTH
ORD00052,CUST0368,2025-07-10 05:49:37,RETURNED,WEST
ORD00053,CUST0422,2025-06-24 23:40:52,SHIPPED,EAST
ORD00054,CUST0231,2025-11-06 07:39:05,RETURNED,EAST
ORD00055,CUST0425,2025-04-17 11:09:19,RETURNED,SOUTH
ORD00056,CUST0067,2026-02-28 03:50:11,PLACED,NORTH
ORD00057,CUST0156,2025-09-03 06:59:48,DELIVERED,SOUTH
ORD00058,CUST0482,2025-03-05 00:49:00,DELIVERED,NORTH
ORD00059,CUST0326,2025-01-17 18:43:09,DELIVERED,SOUTH
ORD00060,CUST0315,2026-06-06 13:17:24,RETURNED,SOUTH
ORD00061,CUST0298,2026-03-04 06:16:53,RETURNED,CENTRAL
ORD00062,CUST0474,2025-01-26 04:34:13,PLACED,NORTH
ORD00063,,2024-08-02 13:38:05,RETURNED,EAST
ORD00064,CUST0393,2025-03-09 11:50:11,RETURNED,NORTH
ORD00065,CUST0322,2025-10-25 18:39:08,DELIVERED,WEST
ORD00066,CUST0414,2026-05-08 22:30:19,DELIVERED,WEST
ORD00067,CUST0031,2026-01-19 03:13:17,CANCELLED,WEST
ORD00068,CUST0175,2026-02-08 16:31:34,DELIVERED,EAST
ORD00069,CUST0441,2024-10-07 15:36:17,CANCELLED,SOUTH
ORD00070,CUST0264,2025-07-16 16:57:18,DELIVERED,SOUTH
ORD00071,CUST0137,2024-12-14 06:52:07,SHIPPED,NORTH
ORD00072,CUST0485,2025-09-24 21:34:19,RETURNED,WEST
ORD00073,CUST0444,2025-08-02 13:10:25,DELIVERED,CENTRAL
ORD00074,CUST0098,2024-11-27 00:12:20,CANCELLED,CENTRAL
ORD00075,CUST0451,2026-01-20 15:44:24,PLACED,NORTH
ORD00076,CUST0259,2025-03-22 05:37:20,SHIPPED,SOUTH
ORD00077,CUST0025,15-06-2025 22:07:17,CANCELLED,CENTRAL
ORD00078,CUST0335,2025-08-20 15:19:41,DELIVERED,CENTRAL
ORD00079,,2024-12-09 04:19:17,SHIPPED,EAST
ORD00080,CUST0392,2026-02-26 04:09:26,PLACED,WEST
ORD00081,CUST0288,2026-01-24 20:05:13,RETURNED,EAST
ORD00082,CUST0259,2026-03-06 10:26:44,RETURNED,EAST
ORD00083,CUST0320,2026-04-28 02:34:21,PLACED,SOUTH
ORD00084,CUST0202,2026-04-10 05:28:30,DELIVERED,CENTRAL
ORD00085,CUST0387,2024-10-23 07:49:31,RETURNED,CENTRAL
ORD00086,CUST0021,15-07-2025 02:20:47,SHIPPED,EAST
ORD00087,CUST0266,2025-12-31 00:33:16,RETURNED,CENTRAL
ORD00088,CUST0477,2026-06-23 04:16:03,SHIPPED,WEST
ORD00089,CUST0379,2026-02-07 01:39:42,RETURNED,EAST
ORD00090,CUST0261,2026-04-16 00:04:17,RETURNED,EAST
ORD00091,CUST0009,2024-12-14 06:36:49,PLACED,WEST
ORD00092,CUST0408,2025-10-29 01:21:29,PLACED,CENTRAL
ORD00093,CUST0496,2024-10-04 21:43:32,RETURNED,CENTRAL
ORD00094,CUST0027,2026-05-10 09:05:00,SHIPPED,CENTRAL
ORD00095,CUST0318,2024-09-25 19:56:03,CANCELLED,SOUTH
ORD00096,CUST0125,03-09-2025 23:48:20,PLACED,SOUTH
ORD00097,,2026-02-28 05:37:35,SHIPPED,WEST
ORD00098,CUST0211,2025-12-15 12:00:06,RETURNED,WEST
ORD00099,CUST0377,2026-02-15 19:20:51,SHIPPED,CENTRAL
ORD00100,CUST0167,2025-04-17 08:49:34,CANCELLED,CENTRAL
ORD00101,CUST0490,2026-01-06 04:25:57,RETURNED,EAST
ORD00102,CUST0347,2025-03-23 21:32:48,DELIVERED,CENTRAL
ORD00103,CUST0491,2025-12-03 06:26:49,RETURNED,EAST
ORD00104,CUST0499,2026-04-18 20:57:57,DELIVERED,SOUTH
ORD00105,CUST0251,2025-04-10 23:23:58,DELIVERED,CENTRAL
ORD00106,CUST0408,2025-06-06 05:46:22,DELIVERED,NORTH
ORD00107,CUST0279,2025-07-21 14:18:08,CANCELLED,EAST
ORD00108,CUST0412,2025-02-16 10:48:13,PLACED,EAST
ORD00109,CUST0041,2025-11-23 08:02:49,CANCELLED,EAST
ORD00110,CUST0110,2025-11-03 15:40:37,RETURNED,EAST
ORD00111,CUST0357,2025-10-27 10:42:53,PLACED,CENTRAL
ORD00112,CUST0123,2025-12-16 15:05:56,RETURNED,SOUTH
ORD00113,CUST0027,2024-10-21 00:59:27,DELIVERED,WEST
ORD00114,CUST0395,2025-03-08 08:14:52,RETURNED,SOUTH
ORD00115,CUST0479,2025-11-10 02:42:52,CANCELLED,WEST
ORD00116,CUST0388,2024-12-11 02:25:56,DELIVERED,EAST
ORD00117,CUST0465,2025-03-07 21:47:58,RETURNED,SOUTH
ORD00118,CUST0371,2025-12-23 10:36:31,PLACED,SOUTH
ORD00119,CUST0429,2026-04-13 16:18:55,PLACED,WEST
ORD00120,CUST0096,2026-06-28 16:58:42,DELIVERED,NORTH
ORD00121,,2024-11-10 12:16:41,PLACED,EAST
ORD00122,CUST0329,2025-05-14 20:02:50,CANCELLED,SOUTH
ORD00123,CUST0240,2026-03-27 12:15:05,PLACED,EAST
ORD00124,CUST0235,2025-07-19 15:33:52,SHIPPED,NORTH
ORD00125,CUST0405,2025-10-01 05:02:23,SHIPPED,SOUTH
ORD00126,CUST0328,2026-07-04 00:25:38,CANCELLED,CENTRAL
ORD00127,CUST0206,2024-07-22 03:35:20,SHIPPED,SOUTH
ORD00128,CUST0480,2024-12-19 02:19:10,DELIVERED,WEST
ORD00129,CUST0386,2026-01-05 21:13:33,DELIVERED,EAST
ORD00130,CUST0294,07-03-2026 20:29:10,DELIVERED,SOUTH
ORD00131,CUST0061,2025-03-30 11:54:58,SHIPPED,WEST
ORD00132,CUST0473,2026-01-21 07:02:00,DELIVERED,NORTH
ORD00133,CUST0482,2026-03-29 01:36:24,RETURNED,SOUTH
ORD00134,CUST0069,2025-10-24 11:32:30,CANCELLED,CENTRAL
ORD00135,CUST0360,2024-08-20 17:36:58,CANCELLED,CENTRAL
ORD00136,CUST0423,2025-10-16 00:27:48,SHIPPED,CENTRAL
ORD00137,CUST0042,2025-05-18 03:39:42,RETURNED,EAST
ORD00138,CUST0289,2026-06-21 23:22:32,RETURNED,CENTRAL
ORD00139,CUST0275,2024-09-30 02:39:49,DELIVERED,CENTRAL
ORD00140,CUST0349,2026-07-11 22:43:14,RETURNED,WEST
ORD00141,CUST0262,2026-06-13 08:17:28,PLACED,WEST
ORD00142,CUST0213,2026-04-30 12:31:42,PLACED,CENTRAL
ORD00143,CUST0414,2026-01-02 15:07:55,PLACED,WEST
ORD00144,CUST0002,2025-02-04 07:26:45,RETURNED,NORTH
ORD00145,,2025-01-12 05:13:28,PLACED,CENTRAL
ORD00146,CUST0479,2025-05-19 03:43:52,CANCELLED,NORTH
ORD00147,CUST0093,2026-05-13 05:33:02,CANCELLED,EAST
ORD00148,CUST0196,2024-10-27 07:45:42,CANCELLED,WEST
ORD00149,CUST0494,2024-07-15 10:23:14,RETURNED,SOUTH
ORD00150,CUST0179,2025-10-01 08:43:09,RETURNED,WEST
ORD00151,CUST0373,2025-04-15 09:19:46,PLACED,NORTH
ORD00152,CUST0238,2025-11-26 22:44:51,RETURNED,WEST
ORD00153,CUST0422,2025-05-26 19:41:15,CANCELLED,EAST
ORD00154,CUST0097,2025-06-18 00:37:59,PLACED,NORTH
ORD00155,CUST0215,2025-10-30 07:02:07,PLACED,SOUTH
ORD00156,CUST0052,2025-01-08 20:36:54,CANCELLED,CENTRAL
ORD00157,CUST0447,16-12-2024 20:47:57,PLACED,WEST
ORD00158,CUST0277,2026-01-12 21:16:10,PLACED,SOUTH
ORD00159,CUST0149,2024-07-20 23:09:49,RETURNED,EAST
ORD00160,CUST0396,2025-07-22 00:02:10,DELIVERED,SOUTH
ORD00161,CUST0074,2024-11-13 19:51:11,RETURNED,SOUTH
ORD00162,CUST0141,14-03-2025 11:58:39,RETURNED,SOUTH
ORD00163,CUST0219,2026-01-18 10:26:58,PLACED,EAST
ORD00164,CUST0344,2026-04-15 15:39:42,RETURNED,EAST
ORD00165,CUST0210,2025-08-21 16:23:21,CANCELLED,SOUTH
ORD00166,CUST0243,2025-09-06 02:23:19,SHIPPED,EAST
ORD00167,CUST0074,2024-12-01 13:03:50,PLACED,CENTRAL
ORD00168,CUST0214,2024-10-09 17:58:05,SHIPPED,WEST
ORD00169,CUST0105,2025-04-20 07:34:10,PLACED,WEST
ORD00170,CUST0048,2024-09-17 16:12:46,SHIPPED,NORTH
ORD00171,CUST0345,2024-10-12 07:50:54,PLACED,NORTH
ORD00172,CUST0390,2024-10-09 08:51:56,RETURNED,SOUTH
ORD00173,CUST0446,2026-04-17 13:05:02,DELIVERED,NORTH
ORD00174,CUST0098,2026-05-23 07:51:38,PLACED,WEST
ORD00175,CUST0357,2024-12-27 20:04:08,SHIPPED,WEST
ORD00176,CUST0283,2026-03-22 12:37:06,DELIVERED,WEST
ORD00177,CUST0333,2025-03-11 16:05:04,DELIVERED,EAST
ORD00178,CUST0255,2025-06-09 06:17:21,CANCELLED,EAST
ORD00179,CUST0190,2026-04-09 13:14:17,PLACED,CENTRAL
ORD00180,CUST0380,2025-06-11 14:59:42,DELIVERED,CENTRAL
ORD00181,CUST0297,2026-01-17 14:04:12,DELIVERED,SOUTH
ORD00182,CUST0118,2025-05-28 17:34:15,SHIPPED,WEST
ORD00183,CUST0484,2025-07-09 13:54:31,DELIVERED,WEST
ORD00184,CUST0329,2026-04-04 06:10:03,CANCELLED,SOUTH
ORD00185,CUST0181,2026-03-26 19:30:06,RETURNED,WEST
ORD00186,CUST0456,2026-01-04 10:01:10,PLACED,CENTRAL
ORD00187,,2026-07-03 19:17:30,PLACED,NORTH
ORD00188,CUST0432,2026-06-01 09:14:54,PLACED,SOUTH
ORD00189,,2026-01-23 08:24:34,DELIVERED,NORTH
ORD00190,CUST0342,2026-05-31 04:35:41,CANCELLED,WEST
ORD00191,,2026-07-06 15:29:23,CANCELLED,NORTH
ORD00192,,2025-10-27 17:40:59,RETURNED,EAST
ORD00193,,2024-11-30 03:34:50,CANCELLED,SOUTH
ORD00194,CUST0050,2025-12-15 00:57:02,SHIPPED,SOUTH
ORD00195,CUST0130,2025-03-01 06:16:04,DELIVERED,WEST
ORD00196,CUST0492,2025-06-03 20:52:33,RETURNED,SOUTH
ORD00197,CUST0116,2025-12-08 23:12:09,PLACED,NORTH
ORD00198,CUST0195,2025-01-12 22:35:25,CANCELLED,NORTH
ORD00199,CUST0360,2025-12-22 06:17:47,CANCELLED,WEST
ORD00200,CUST0170,2026-05-01 22:16:40,PLACED,CENTRAL
ORD00201,CUST0118,2026-01-14 09:03:07,RETURNED,WEST
ORD00202,CUST0474,17-04-2025 07:39:24,DELIVERED,CENTRAL
ORD00203,CUST0017,2024-07-25 14:51:00,DELIVERED,NORTH
ORD00204,CUST0301,2025-10-19 09:59:51,CANCELLED,NORTH
ORD00205,CUST0289,2026-05-29 20:18:11,CANCELLED,CENTRAL
ORD00206,CUST0387,2025-03-15 16:25:14,PLACED,CENTRAL
ORD00207,CUST0178,17-10-2025 01:06:14,CANCELLED,SOUTH
ORD00208,CUST0175,2026-03-31 21:59:15,RETURNED,CENTRAL
ORD00209,CUST0397,2025-03-05 12:16:30,DELIVERED,WEST
ORD00210,CUST0183,2025-04-01 13:15:24,CANCELLED,WEST
ORD00211,CUST0300,2024-09-18 04:55:01,PLACED,CENTRAL
ORD00212,CUST0127,2026-06-01 02:38:55,PLACED,EAST
ORD00213,CUST0365,2025-05-23 19:13:46,SHIPPED,WEST
ORD00214,CUST0055,11-11-2025 20:56:36,DELIVERED,WEST
ORD00215,CUST0139,2025-07-08 16:26:59,PLACED,SOUTH
ORD00216,CUST0286,2025-09-23 16:44:10,CANCELLED,NORTH
ORD00217,,2026-01-19 13:30:45,PLACED,CENTRAL
ORD00218,CUST0167,2025-12-12 07:22:16,PLACED,EAST
ORD00219,CUST0399,30-08-2025 12:58:40,RETURNED,SOUTH
ORD00220,CUST0087,2024-12-26 23:42:02,SHIPPED,SOUTH
ORD00221,CUST0138,2025-12-28 12:43:36,PLACED,SOUTH
ORD00222,CUST0216,2025-02-14 10:46:50,PLACED,EAST
ORD00223,CUST0127,2025-07-19 19:16:14,CANCELLED,CENTRAL
ORD00224,CUST0235,2025-02-27 15:13:43,DELIVERED,NORTH
ORD00225,CUST0171,2025-06-18 23:20:14,CANCELLED,EAST
ORD00226,CUST0221,2025-03-26 23:44:40,RETURNED,SOUTH
ORD00227,CUST0309,2025-08-16 21:39:17,SHIPPED,WEST
ORD00228,CUST0494,2025-08-12 18:56:41,DELIVERED,EAST
ORD00229,CUST0325,2024-12-04 12:43:27,RETURNED,SOUTH
ORD00230,CUST0144,2025-08-30 10:11:42,CANCELLED,EAST
ORD00231,CUST0289,2026-01-18 23:00:29,RETURNED,SOUTH
ORD00232,CUST0282,06-07-2026 11:46:09,CANCELLED,SOUTH
ORD00233,CUST0150,2026-03-17 20:16:53,PLACED,WEST
ORD00234,CUST0072,2025-10-16 12:31:54,SHIPPED,EAST
ORD00235,CUST0367,2026-03-18 16:50:12,CANCELLED,NORTH
ORD00236,CUST0307,2025-09-10 11:10:50,CANCELLED,CENTRAL
ORD00237,CUST0472,2025-10-17 08:09:44,CANCELLED,CENTRAL
ORD00238,,2024-11-22 13:50:29,RETURNED,CENTRAL
ORD00239,CUST0044,2026-07-03 13:43:40,SHIPPED,EAST
ORD00240,CUST0314,21-12-2024 03:49:58,CANCELLED,EAST
ORD00241,CUST0221,2025-11-09 04:03:11,PLACED,EAST
ORD00242,CUST0383,2025-09-26 22:49:55,RETURNED,CENTRAL
ORD00243,CUST0192,2024-08-30 23:10:17,RETURNED,CENTRAL
ORD00244,CUST0013,2024-12-06 03:53:39,DELIVERED,WEST
ORD00245,CUST0044,2025-01-10 03:25:15,SHIPPED,EAST
ORD00246,CUST0234,2025-01-15 21:29:52,RETURNED,WEST
ORD00247,CUST0050,2026-05-25 23:37:48,CANCELLED,EAST
ORD00248,CUST0023,2025-05-16 14:11:18,PLACED,NORTH
ORD00249,CUST0332,2025-02-13 09:23:19,SHIPPED,SOUTH
ORD00250,CUST0283,2026-05-24 14:39:15,RETURNED,WEST
ORD00251,CUST0119,2025-12-30 23:17:30,SHIPPED,SOUTH
ORD00252,CUST0222,2025-09-27 03:48:21,RETURNED,SOUTH
ORD00253,CUST0220,2025-11-25 04:12:31,SHIPPED,SOUTH
ORD00254,CUST0361,2025-01-05 15:14:45,PLACED,CENTRAL
ORD00255,CUST0447,2024-11-19 15:45:14,DELIVERED,EAST
ORD00256,CUST0059,2024-07-29 20:32:48,CANCELLED,CENTRAL
ORD00257,CUST0161,2025-02-08 18:45:26,RETURNED,WEST
ORD00258,CUST0179,2026-02-28 20:12:00,CANCELLED,CENTRAL
ORD00259,CUST0345,2025-08-12 14:41:06,DELIVERED,CENTRAL
ORD00260,CUST0345,2026-06-24 03:36:39,PLACED,SOUTH
ORD00261,CUST0094,2024-10-03 21:50:36,SHIPPED,CENTRAL
ORD00262,CUST0306,2025-11-18 09:03:56,CANCELLED,WEST
ORD00263,CUST0326,2024-12-29 17:33:34,SHIPPED,CENTRAL
ORD00264,CUST0148,2026-05-12 17:51:15,DELIVERED,WEST
ORD00265,CUST0444,2025-07-11 04:37:26,PLACED,WEST
ORD00266,CUST0418,2026-05-28 12:39:07,RETURNED,CENTRAL
ORD00267,CUST0210,2025-07-20 14:31:53,CANCELLED,WEST
ORD00268,CUST0043,2024-11-12 23:00:52,SHIPPED,EAST
ORD00269,,2026-01-10 00:39:28,DELIVERED,SOUTH
ORD00270,CUST0290,2026-04-20 01:12:14,CANCELLED,CENTRAL
ORD00271,CUST0294,2025-03-29 07:40:40,RETURNED,EAST
ORD00272,CUST0388,17-08-2024 21:06:02,CANCELLED,CENTRAL
ORD00273,CUST0218,2026-07-07 01:28:26,SHIPPED,EAST
ORD00274,CUST0017,2024-08-24 23:04:04,DELIVERED,NORTH
ORD00275,CUST0061,2024-10-02 01:38:24,SHIPPED,SOUTH
ORD00276,CUST0302,2024-11-22 02:40:09,RETURNED,WEST
ORD00277,CUST0072,2024-12-02 08:49:56,SHIPPED,NORTH
ORD00278,CUST0273,2026-03-30 09:33:14,RETURNED,SOUTH
ORD00279,CUST0361,2024-08-29 03:43:17,RETURNED,EAST
ORD00280,CUST0264,2024-11-27 17:58:37,PLACED,SOUTH
ORD00281,CUST0403,2026-01-25 01:58:49,PLACED,EAST
ORD00282,CUST0065,2026-04-27 12:18:18,SHIPPED,SOUTH
ORD00283,CUST0165,2025-05-30 11:15:34,CANCELLED,WEST
ORD00284,CUST0324,2025-07-03 08:45:03,CANCELLED,WEST
ORD00285,CUST0325,2026-04-23 12:35:07,PLACED,WEST
ORD00286,CUST0143,2025-04-16 20:52:34,DELIVERED,WEST
ORD00287,CUST0168,2024-08-16 09:19:45,PLACED,WEST
ORD00288,CUST0358,2026-06-23 06:21:52,PLACED,CENTRAL
ORD00289,CUST0496,2025-04-27 08:59:39,SHIPPED,WEST
ORD00290,CUST0425,2026-01-14 17:27:06,RETURNED,CENTRAL
ORD00291,CUST0437,2026-01-16 21:34:55,DELIVERED,NORTH
ORD00292,,2024-08-04 08:39:42,CANCELLED,NORTH
ORD00293,CUST0440,2025-05-18 00:56:05,CANCELLED,NORTH
ORD00294,CUST0220,2026-05-07 02:25:58,SHIPPED,EAST
ORD00295,CUST0478,2025-04-17 13:21:20,PLACED,EAST
ORD00296,CUST0191,2025-06-19 23:59:50,SHIPPED,NORTH
ORD00297,CUST0157,2024-09-01 09:07:52,SHIPPED,WEST
ORD00298,CUST0361,30-12-2024 05:45:00,SHIPPED,WEST
ORD00299,CUST0304,2025-03-18 05:17:53,CANCELLED,NORTH
ORD00300,,2025-11-29 00:34:45,PLACED,WEST
ORD00301,CUST0245,12-03-2026 19:27:39,CANCELLED,NORTH
ORD00302,CUST0053,2025-06-29 20:44:37,DELIVERED,EAST
ORD00303,CUST0397,2025-06-10 17:14:50,SHIPPED,SOUTH
ORD00304,CUST0289,08-05-2026 14:46:42,SHIPPED,WEST
ORD00305,CUST0110,2025-04-03 19:24:41,SHIPPED,WEST
ORD00306,CUST0227,2024-10-14 05:36:36,PLACED,NORTH
ORD00307,CUST0064,2024-11-21 12:14:16,CANCELLED,EAST
ORD00308,CUST0162,2026-03-09 16:36:16,SHIPPED,EAST
ORD00309,CUST0128,2025-06-09 19:15:45,RETURNED,CENTRAL
ORD00310,CUST0482,2024-08-19 00:48:17,DELIVERED,SOUTH
ORD00311,CUST0261,2024-10-02 20:39:48,CANCELLED,EAST
ORD00312,CUST0402,2025-06-17 19:14:10,SHIPPED,WEST
ORD00313,CUST0124,2025-05-18 01:58:31,RETURNED,NORTH
ORD00314,CUST0007,2025-03-15 05:01:02,DELIVERED,SOUTH
ORD00315,CUST0430,2025-04-06 19:46:17,DELIVERED,CENTRAL
ORD00316,CUST0391,2024-07-14 17:53:08,PLACED,NORTH
ORD00317,CUST0008,2024-11-23 06:01:56,PLACED,NORTH
ORD00318,CUST0204,2026-07-02 11:52:05,RETURNED,WEST
ORD00319,CUST0206,06-11-2024 07:15:06,RETURNED,CENTRAL
ORD00320,CUST0143,12-07-2026 02:07:08,PLACED,CENTRAL
ORD00321,CUST0499,2026-02-16 18:44:35,RETURNED,EAST
ORD00322,CUST0325,2025-11-17 08:35:28,PLACED,EAST
ORD00323,CUST0374,2025-03-11 15:37:22,SHIPPED,NORTH
ORD00324,CUST0474,2025-06-19 11:44:48,CANCELLED,CENTRAL
ORD00325,CUST0159,2024-11-04 13:23:42,SHIPPED,NORTH
ORD00326,,2025-03-04 18:27:14,PLACED,SOUTH
ORD00327,CUST0178,2026-06-02 21:44:06,DELIVERED,SOUTH
ORD00328,CUST0384,2026-03-28 23:27:42,DELIVERED,NORTH
ORD00329,CUST0016,2025-09-02 10:43:10,CANCELLED,EAST
ORD00330,CUST0135,2025-02-17 05:16:55,RETURNED,NORTH
ORD00331,CUST0262,2024-11-19 08:18:56,CANCELLED,CENTRAL
ORD00332,CUST0081,2026-06-10 14:34:05,PLACED,CENTRAL
ORD00333,CUST0060,2025-01-30 11:15:07,RETURNED,NORTH
ORD00334,,2024-11-10 02:26:30,SHIPPED,NORTH
ORD00335,CUST0197,2026-04-17 00:22:41,SHIPPED,NORTH
ORD00336,CUST0468,2026-03-15 20:21:11,CANCELLED,SOUTH
ORD00337,CUST0214,2026-01-23 01:48:17,DELIVERED,EAST
ORD00338,CUST0293,2026-07-04 11:50:24,RETURNED,NORTH
ORD00339,CUST0412,2025-11-26 10:21:17,PLACED,WEST
ORD00340,CUST0239,2026-06-06 06:30:47,DELIVERED,EAST
ORD00341,CUST0234,08-07-2026 16:39:15,SHIPPED,EAST
ORD00342,CUST0156,2026-03-12 03:56:34,SHIPPED,WEST
ORD00343,CUST0498,2025-01-12 20:19:08,SHIPPED,CENTRAL
ORD00344,CUST0126,2025-10-06 02:19:28,CANCELLED,NORTH
ORD00345,CUST0178,2026-02-18 13:02:58,PLACED,EAST
ORD00346,,2025-09-15 22:04:56,DELIVERED,NORTH
ORD00347,CUST0122,2025-05-20 00:08:16,PLACED,SOUTH
ORD00348,CUST0048,26-02-2025 17:32:38,SHIPPED,CENTRAL
ORD00349,CUST0459,2026-01-16 15:40:46,PLACED,CENTRAL
ORD00350,CUST0069,2026-06-10 23:58:40,CANCELLED,NORTH
ORD00351,CUST0032,2025-10-24 05:26:36,SHIPPED,SOUTH
ORD00352,CUST0436,2025-05-26 10:42:27,CANCELLED,EAST
ORD00353,CUST0140,2024-10-23 08:48:01,SHIPPED,SOUTH
ORD00354,CUST0300,2025-01-23 01:58:34,PLACED,SOUTH
ORD00355,CUST0161,2025-07-31 05:00:01,RETURNED,EAST
ORD00356,CUST0107,2026-05-25 20:03:43,CANCELLED,EAST
ORD00357,CUST0047,2024-09-13 02:29:49,DELIVERED,CENTRAL
ORD00358,,2026-03-05 23:59:13,DELIVERED,SOUTH
ORD00359,CUST0128,2025-09-26 12:38:09,CANCELLED,CENTRAL
ORD00360,,2025-09-14 05:39:19,SHIPPED,NORTH
ORD00361,CUST0438,2025-06-22 06:29:37,RETURNED,SOUTH
ORD00362,CUST0053,2025-04-11 13:52:07,SHIPPED,NORTH
ORD00363,,2025-10-16 16:48:25,SHIPPED,SOUTH
ORD00364,CUST0206,2026-03-14 01:26:43,PLACED,CENTRAL
ORD00365,CUST0470,2025-09-09 07:14:29,PLACED,NORTH
ORD00366,CUST0331,2025-04-28 04:56:20,SHIPPED,NORTH
ORD00367,CUST0425,2026-02-07 19:02:22,PLACED,NORTH
ORD00368,CUST0026,2026-05-04 01:22:29,RETURNED,WEST
ORD00369,CUST0203,2025-05-02 16:27:30,CANCELLED,WEST
ORD00370,CUST0110,2024-07-26 12:18:45,DELIVERED,EAST
ORD00371,CUST0077,07-08-2025 04:47:55,RETURNED,CENTRAL
ORD00372,CUST0152,2025-09-18 01:39:54,RETURNED,WEST
ORD00373,CUST0144,2025-04-25 02:46:24,CANCELLED,SOUTH
ORD00374,CUST0409,2025-02-25 02:47:08,RETURNED,NORTH
ORD00375,CUST0401,2025-09-05 22:09:25,CANCELLED,CENTRAL
ORD00376,CUST0177,2025-09-29 16:25:17,RETURNED,EAST
ORD00377,CUST0093,16-04-2025 14:35:44,RETURNED,SOUTH
ORD00378,,2026-01-09 10:42:50,DELIVERED,NORTH
ORD00379,CUST0242,2025-02-26 09:15:42,RETURNED,SOUTH
ORD00380,CUST0052,2026-06-30 11:42:47,SHIPPED,EAST
ORD00381,CUST0406,2026-04-04 13:27:01,PLACED,SOUTH
ORD00382,CUST0409,2025-12-25 22:35:44,SHIPPED,SOUTH
ORD00383,CUST0163,2026-01-26 14:36:40,DELIVERED,CENTRAL
ORD00384,,2024-10-29 18:20:50,RETURNED,CENTRAL
ORD00385,CUST0486,2024-10-12 23:26:26,CANCELLED,CENTRAL
ORD00386,CUST0252,08-03-2026 18:08:33,PLACED,SOUTH
ORD00387,CUST0011,2025-06-15 21:46:02,PLACED,EAST
ORD00388,CUST0104,2025-01-18 06:00:41,DELIVERED,SOUTH
ORD00389,CUST0433,2026-03-10 03:43:40,PLACED,NORTH
ORD00390,CUST0361,2026-04-01 09:45:54,PLACED,CENTRAL
ORD00391,CUST0492,25-01-2025 15:04:06,CANCELLED,CENTRAL
ORD00392,CUST0155,2025-02-08 05:52:03,SHIPPED,WEST
ORD00393,CUST0492,2024-11-08 21:21:26,DELIVERED,SOUTH
ORD00394,CUST0288,2024-09-12 04:18:07,RETURNED,EAST
ORD00395,CUST0302,2025-08-22 18:54:55,CANCELLED,EAST
ORD00396,CUST0151,2025-04-26 04:37:23,PLACED,CENTRAL
ORD00397,CUST0395,2024-11-21 06:51:53,PLACED,SOUTH
ORD00398,CUST0472,2025-06-27 23:06:10,RETURNED,SOUTH
ORD00399,CUST0054,2026-06-02 12:27:58,SHIPPED,EAST
ORD00400,CUST0122,2025-08-28 14:04:03,DELIVERED,SOUTH
ORD00401,CUST0494,16-12-2025 18:25:51,DELIVERED,WEST
ORD00402,,2025-02-23 13:34:02,PLACED,EAST
ORD00403,CUST0056,2025-01-14 11:45:42,PLACED,WEST
ORD00404,CUST0215,2025-09-18 02:18:55,CANCELLED,WEST
ORD00405,CUST0180,2026-03-03 03:30:12,PLACED,WEST
ORD00406,CUST0296,2026-01-23 20:51:49,SHIPPED,SOUTH
ORD00407,CUST0410,2024-08-19 17:59:50,DELIVERED,NORTH
ORD00408,CUST0488,2025-05-12 12:49:00,DELIVERED,SOUTH
ORD00409,CUST0083,2024-10-30 17:31:03,RETURNED,NORTH
ORD00410,CUST0315,2026-02-20 18:17:22,PLACED,WEST
ORD00411,CUST0085,2024-09-14 07:12:22,CANCELLED,SOUTH
ORD00412,CUST0170,2025-04-06 11:02:23,SHIPPED,WEST
ORD00413,CUST0370,2025-03-11 14:30:26,RETURNED,EAST
ORD00414,CUST0153,2025-11-15 13:36:36,PLACED,WEST
ORD00415,CUST0431,2026-01-24 22:03:30,PLACED,EAST
ORD00416,,29-07-2025 05:20:42,RETURNED,WEST
ORD00417,CUST0014,2026-02-23 16:39:27,DELIVERED,NORTH
ORD00418,CUST0060,2025-06-04 23:13:16,CANCELLED,WEST
ORD00419,CUST0339,2025-06-22 20:46:58,RETURNED,WEST
ORD00420,CUST0454,2025-08-18 08:48:09,SHIPPED,WEST
ORD00421,,2026-03-12 16:51:30,DELIVERED,SOUTH
ORD00422,CUST0289,12-06-2026 08:31:29,PLACED,NORTH
ORD00423,CUST0414,2025-04-14 10:27:59,RETURNED,SOUTH
ORD00424,CUST0431,2025-10-09 01:04:37,RETURNED,WEST
ORD00425,CUST0352,2025-02-01 09:45:49,CANCELLED,CENTRAL
ORD00426,CUST0244,2025-01-30 11:02:50,CANCELLED,NORTH
ORD00427,CUST0462,2024-08-08 04:20:51,RETURNED,CENTRAL
ORD00428,CUST0487,2026-03-31 23:26:14,SHIPPED,SOUTH
ORD00429,CUST0414,2026-06-30 13:28:42,PLACED,WEST
ORD00430,CUST0350,2025-11-03 04:51:55,SHIPPED,CENTRAL
ORD00431,CUST0467,2024-11-04 16:18:15,PLACED,NORTH
ORD00432,CUST0204,2024-11-12 20:43:51,DELIVERED,CENTRAL
ORD00433,CUST0448,23-11-2025 14:24:31,RETURNED,CENTRAL
ORD00434,CUST0215,2025-01-12 19:27:26,SHIPPED,SOUTH
ORD00435,CUST0299,2025-12-22 23:46:17,PLACED,NORTH
ORD00436,CUST0052,2026-05-09 16:19:10,RETURNED,EAST
ORD00437,CUST0136,2025-01-24 10:17:32,CANCELLED,CENTRAL
ORD00438,CUST0020,2024-08-19 04:37:42,CANCELLED,SOUTH
ORD00439,CUST0349,2024-11-06 11:31:49,PLACED,WEST
ORD00440,CUST0170,2024-09-13 22:50:29,PLACED,WEST
ORD00441,CUST0460,2025-04-09 01:47:46,DELIVERED,EAST
ORD00442,CUST0432,2024-12-03 13:24:31,PLACED,SOUTH
ORD00443,CUST0499,2025-02-21 17:21:43,DELIVERED,EAST
ORD00444,CUST0310,2026-02-18 13:10:39,SHIPPED,WEST
ORD00445,CUST0422,2025-04-02 23:09:07,CANCELLED,CENTRAL
ORD00446,CUST0421,07-04-2025 18:07:41,SHIPPED,NORTH
ORD00447,CUST0260,2024-11-11 21:16:04,RETURNED,CENTRAL
ORD00448,,2024-07-28 15:27:19,SHIPPED,NORTH
ORD00449,CUST0234,03-12-2025 06:19:28,DELIVERED,SOUTH
ORD00450,CUST0422,2025-04-20 09:50:25,CANCELLED,NORTH
ORD00451,CUST0124,2025-11-26 20:11:57,RETURNED,WEST
ORD00452,CUST0446,2025-07-21 07:53:07,RETURNED,EAST
ORD00453,CUST0429,2024-08-28 04:47:02,PLACED,EAST
ORD00454,,06-09-2024 20:49:51,RETURNED,SOUTH
ORD00455,CUST0332,2025-02-13 03:57:47,SHIPPED,EAST
ORD00456,CUST0263,13-04-2025 20:12:11,PLACED,WEST
ORD00457,CUST0332,2024-11-19 07:42:09,PLACED,SOUTH
ORD00458,CUST0413,2026-04-20 03:39:27,DELIVERED,WEST
ORD00459,CUST0437,2025-01-09 02:01:49,DELIVERED,SOUTH
ORD00460,CUST0347,2025-04-30 17:31:49,RETURNED,WEST
ORD00461,CUST0004,2024-08-19 04:13:00,DELIVERED,CENTRAL
ORD00462,CUST0312,2026-02-02 02:40:10,PLACED,WEST
ORD00463,CUST0142,2024-07-20 15:49:45,DELIVERED,EAST
ORD00464,CUST0488,2025-11-09 14:03:40,DELIVERED,SOUTH
ORD00465,CUST0392,2025-09-09 06:38:15,PLACED,CENTRAL
ORD00466,CUST0164,2024-12-15 10:45:50,PLACED,WEST
ORD00467,CUST0133,2025-12-31 22:23:27,CANCELLED,WEST
ORD00468,CUST0299,2026-03-06 12:33:30,RETURNED,SOUTH
ORD00469,CUST0366,2024-12-26 19:04:18,RETURNED,WEST
ORD00470,CUST0344,2026-03-24 00:31:53,DELIVERED,SOUTH
ORD00471,CUST0449,2025-04-09 11:29:10,DELIVERED,NORTH
ORD00472,CUST0380,2026-01-20 12:47:39,RETURNED,SOUTH
ORD00473,CUST0461,2025-08-26 21:00:53,PLACED,SOUTH
ORD00474,CUST0382,2026-06-17 20:22:53,CANCELLED,EAST
ORD00475,CUST0300,2025-10-21 15:18:24,PLACED,WEST
ORD00476,CUST0325,2024-09-20 17:28:48,RETURNED,NORTH
ORD00477,CUST0100,2025-07-28 19:59:37,CANCELLED,CENTRAL
ORD00478,CUST0028,2026-03-03 20:34:21,SHIPPED,SOUTH
ORD00479,CUST0176,2026-04-15 10:09:31,RETURNED,WEST
ORD00480,CUST0442,2025-04-13 15:31:24,PLACED,WEST
ORD00481,CUST0091,2025-06-04 00:16:21,PLACED,NORTH
ORD00482,CUST0108,2025-08-17 14:11:02,SHIPPED,CENTRAL
ORD00483,CUST0251,2026-04-03 20:22:46,PLACED,SOUTH
ORD00484,CUST0325,2025-09-04 02:55:09,CANCELLED,WEST
ORD00485,CUST0020,2026-05-12 09:28:41,DELIVERED,NORTH
ORD00486,CUST0388,2025-08-05 09:07:08,SHIPPED,NORTH
ORD00487,CUST0321,2025-11-18 02:54:53,SHIPPED,EAST
ORD00488,CUST0053,2026-02-20 11:32:44,RETURNED,EAST
ORD00489,CUST0422,26-11-2025 08:29:29,DELIVERED,WEST
ORD00490,CUST0306,2024-10-13 07:56:08,CANCELLED,SOUTH
ORD00491,CUST0462,2024-12-21 19:07:00,SHIPPED,SOUTH
ORD00492,CUST0471,2026-01-11 19:49:35,PLACED,SOUTH
ORD00493,CUST0068,2025-07-20 07:08:36,PLACED,CENTRAL
ORD00494,CUST0064,2025-05-28 19:30:21,PLACED,WEST
ORD00495,CUST0131,2024-07-18 16:53:20,RETURNED,NORTH
ORD00496,CUST0025,2025-04-05 02:41:51,PLACED,NORTH
ORD00497,CUST0214,2024-12-27 23:37:22,PLACED,CENTRAL
ORD00498,CUST0360,2025-06-14 02:51:43,PLACED,EAST
ORD00499,CUST0052,2025-05-28 16:03:36,DELIVERED,CENTRAL
ORD00500,CUST0071,2026-05-31 11:18:44,PLACED,CENTRAL
ORD00501,CUST0061,2026-04-03 21:33:17,PLACED,WEST
ORD00502,CUST0103,2026-06-01 01:03:49,RETURNED,SOUTH
ORD00503,CUST0210,2026-01-08 08:15:45,PLACED,CENTRAL
ORD00504,CUST0107,2024-12-10 19:49:06,CANCELLED,EAST
ORD00505,CUST0007,2024-08-22 03:13:52,PLACED,CENTRAL
ORD00506,CUST0077,2026-05-31 17:43:45,RETURNED,NORTH
ORD00507,CUST0052,2025-07-29 13:04:55,SHIPPED,WEST
ORD00508,CUST0152,2025-05-12 13:17:01,PLACED,NORTH
ORD00509,CUST0448,19-02-2025 21:48:30,DELIVERED,EAST
ORD00510,CUST0161,2025-05-16 10:55:46,PLACED,NORTH
ORD00511,CUST0456,10-02-2026 12:33:43,SHIPPED,SOUTH
ORD00512,CUST0458,2025-08-25 18:28:10,RETURNED,EAST
ORD00513,CUST0048,2026-05-03 13:41:44,DELIVERED,SOUTH
ORD00514,CUST0205,2025-04-21 22:37:25,DELIVERED,WEST
ORD00515,CUST0245,2024-09-02 02:16:44,SHIPPED,NORTH
ORD00516,CUST0372,28-02-2026 14:50:08,SHIPPED,NORTH
ORD00517,CUST0303,2025-12-06 09:39:49,RETURNED,WEST
ORD00518,CUST0195,2025-09-09 09:22:41,RETURNED,NORTH
ORD00519,CUST0451,2025-08-09 23:40:21,SHIPPED,WEST
ORD00520,CUST0058,2025-03-27 02:32:11,CANCELLED,NORTH
ORD00521,CUST0336,2026-05-07 22:12:28,RETURNED,CENTRAL
ORD00522,CUST0115,2025-06-07 08:30:41,DELIVERED,CENTRAL
ORD00523,CUST0359,2026-02-08 01:27:50,CANCELLED,SOUTH
ORD00524,CUST0340,2025-12-14 09:37:41,CANCELLED,SOUTH
ORD00525,CUST0286,2024-10-21 03:51:32,RETURNED,NORTH
ORD00526,,2024-11-17 13:10:58,RETURNED,WEST
ORD00527,CUST0446,2026-06-13 10:33:37,CANCELLED,EAST
ORD00528,CUST0497,2025-06-26 16:46:11,RETURNED,SOUTH
ORD00529,CUST0194,2024-12-08 03:27:52,SHIPPED,NORTH
ORD00530,CUST0411,2025-05-27 05:36:13,PLACED,WEST
ORD00531,CUST0061,2025-05-18 08:34:31,PLACED,NORTH
ORD00532,CUST0019,2025-09-18 02:01:48,PLACED,NORTH
ORD00533,CUST0494,2024-11-06 23:56:53,DELIVERED,CENTRAL
ORD00534,CUST0336,2025-01-17 09:04:39,DELIVERED,EAST
ORD00535,CUST0419,2026-05-19 08:26:42,CANCELLED,EAST
ORD00536,CUST0318,2024-09-01 14:10:06,DELIVERED,WEST
ORD00537,CUST0389,2024-09-07 18:27:07,PLACED,EAST
ORD00538,CUST0325,2025-04-27 06:21:11,DELIVERED,CENTRAL
ORD00539,CUST0360,2025-11-13 06:09:21,SHIPPED,WEST
ORD00540,CUST0368,2025-06-18 00:10:51,CANCELLED,NORTH
ORD00541,CUST0101,2025-03-05 05:12:44,CANCELLED,SOUTH
ORD00542,CUST0401,2026-02-25 19:57:32,DELIVERED,NORTH
ORD00543,CUST0024,2025-09-11 18:34:48,RETURNED,NORTH
ORD00544,CUST0231,2025-10-02 10:44:50,RETURNED,CENTRAL
ORD00545,CUST0256,14-07-2024 18:44:52,PLACED,CENTRAL
ORD00546,CUST0430,2025-11-15 09:05:16,RETURNED,SOUTH
ORD00547,CUST0089,2025-11-20 01:25:33,SHIPPED,NORTH
ORD00548,CUST0308,2026-02-19 17:24:44,DELIVERED,CENTRAL
ORD00549,CUST0215,2025-12-31 06:34:21,SHIPPED,EAST
ORD00550,CUST0176,2024-08-17 16:09:18,CANCELLED,SOUTH
ORD00551,CUST0309,2025-06-13 11:31:45,RETURNED,EAST
ORD00552,CUST0281,2026-02-14 03:26:33,RETURNED,SOUTH
ORD00553,CUST0320,2024-10-02 00:25:38,DELIVERED,SOUTH
ORD00554,CUST0333,2025-09-13 05:10:19,SHIPPED,CENTRAL
ORD00555,CUST0327,2025-11-09 20:49:39,PLACED,EAST
ORD00556,CUST0299,2025-08-30 17:34:10,CANCELLED,CENTRAL
ORD00557,CUST0434,2025-02-28 11:36:07,PLACED,CENTRAL
ORD00558,CUST0196,2026-02-24 17:22:37,PLACED,SOUTH
ORD00559,CUST0403,2025-01-06 22:44:25,DELIVERED,EAST
ORD00560,CUST0032,2026-07-09 04:40:47,DELIVERED,SOUTH
ORD00561,CUST0017,2024-09-10 17:32:59,CANCELLED,NORTH
ORD00562,CUST0346,2025-06-05 15:36:28,SHIPPED,CENTRAL
ORD00563,CUST0262,2024-09-15 18:33:59,DELIVERED,NORTH
ORD00564,CUST0199,2025-03-26 14:23:15,DELIVERED,CENTRAL
ORD00565,CUST0381,2025-04-23 04:18:16,RETURNED,WEST
ORD00566,CUST0467,2026-05-19 05:45:04,DELIVERED,CENTRAL
ORD00567,CUST0309,2026-07-12 10:36:26,SHIPPED,EAST
ORD00568,CUST0350,17-09-2025 19:41:04,SHIPPED,CENTRAL
ORD00569,CUST0021,2025-12-10 07:53:24,RETURNED,EAST
ORD00570,CUST0300,2026-04-10 16:50:42,PLACED,EAST
ORD00571,CUST0480,2024-10-12 01:22:35,SHIPPED,EAST
ORD00572,CUST0397,2025-12-28 17:23:22,RETURNED,EAST
ORD00573,CUST0294,2025-09-03 21:35:44,PLACED,EAST
ORD00574,CUST0490,2026-03-14 15:40:34,PLACED,CENTRAL
ORD00575,CUST0279,2025-03-13 03:39:17,PLACED,EAST
ORD00576,CUST0110,2026-02-28 18:05:50,DELIVERED,EAST
ORD00577,CUST0487,2024-12-06 04:02:27,RETURNED,WEST
ORD00578,CUST0422,2026-04-28 22:20:07,PLACED,NORTH
ORD00579,CUST0229,2025-04-23 11:19:36,RETURNED,CENTRAL
ORD00580,CUST0021,2025-02-26 15:57:42,DELIVERED,WEST
ORD00581,CUST0484,2026-04-28 01:24:32,DELIVERED,CENTRAL
ORD00582,CUST0013,2024-11-21 03:56:02,DELIVERED,CENTRAL
ORD00583,CUST0229,2025-02-22 14:13:51,DELIVERED,SOUTH
ORD00584,CUST0043,2026-06-09 07:48:56,SHIPPED,CENTRAL
ORD00585,CUST0321,19-03-2026 07:55:32,SHIPPED,WEST
ORD00586,CUST0106,2024-10-17 08:27:07,CANCELLED,NORTH
ORD00587,CUST0079,21-02-2025 14:20:39,DELIVERED,NORTH
ORD00588,CUST0028,2025-10-22 06:20:22,DELIVERED,CENTRAL
ORD00589,CUST0421,2025-03-29 12:59:55,DELIVERED,WEST
ORD00590,CUST0323,2025-01-07 11:49:46,DELIVERED,NORTH
ORD00591,CUST0061,2025-02-03 19:15:05,RETURNED,NORTH
ORD00592,CUST0300,10-12-2025 21:15:57,PLACED,EAST
ORD00593,CUST0055,2024-09-10 10:18:25,DELIVERED,CENTRAL
ORD00594,CUST0392,2025-04-13 04:12:02,CANCELLED,WEST
ORD00595,CUST0016,2026-05-03 00:10:07,RETURNED,SOUTH
ORD00596,CUST0201,2025-07-11 21:38:14,RETURNED,EAST
ORD00597,CUST0074,2025-11-26 21:09:10,DELIVERED,NORTH
ORD00598,CUST0285,2025-05-10 05:43:15,PLACED,NORTH
ORD00599,CUST0202,2025-02-21 14:11:26,PLACED,EAST
ORD00600,CUST0380,2024-10-06 21:40:56,DELIVERED,SOUTH
